id,name,form,form_key,finding_key,finding,region,wanderer,edition,edition_short,variant,light_index,light,colour_key,colour,board_points,binder_value,let_go_value,power_type,power_name,power_text,secret_type,secret_name,secret_text,home,pull,quirk,source
alpha1,Alpha,Alpha,alpha,f1,First Finding,,yes,Classic,Classic,classic,0,Common,slv,Silver,4,25,25,perOwnColor,Rally,+2 for each of your Silver companions,,,,Anywhere with a doorstep. It waits to be let in.,Like a hand finding yours in a crowd.,Takes the first front socket and refuses to move.,"packs of blanks, trades, the companion of the day"
alpha2,Alpha · Vintage,Alpha,alpha,f1,First Finding,,yes,Vintage,Vintage,reel,1,Uncommon,blu,Blue,6,60,60,front,Spotlight,+4 when played in the front row,,,,Anywhere with a doorstep. It waits to be let in.,Like a hand finding yours in a crowd.,Takes the first front socket and refuses to move.,"packs of blanks, trades, the companion of the day"
alpha3,Alpha · Spotlight,Alpha,alpha,f1,First Finding,,yes,Spotlight,Spotlight,stage,2,Rare,slv,Silver,9,150,150,minusOppColor,Hex,-3 to each opponent Blue companion,,,,Anywhere with a doorstep. It waits to be let in.,Like a hand finding yours in a crowd.,Takes the first front socket and refuses to move.,"packs of blanks, trades, the companion of the day"
alpha4,Alpha · Holo,Alpha,alpha,f1,First Finding,,yes,Holo,Holo,holo,3,Mythic,slv,Silver,12,500,500,perOwnColor,Rally,+2 for each of your Silver companions,chain,Chorus Line,+1 for each other companion in its row,Anywhere with a doorstep. It waits to be let in.,Like a hand finding yours in a crowd.,Takes the first front socket and refuses to move.,"packs of blanks, trades, the companion of the day"
alpha5,Alpha · Silver,Alpha,alpha,f1,First Finding,,yes,Full Silver,Silver,silver,3,Mythic,slv,Silver,13,500,500,mirror,Mirror,Copies the opposing companion's points,shield,Shield,Cannot lose points to opposing powers,Anywhere with a doorstep. It waits to be let in.,Like a hand finding yours in a crowd.,Takes the first front socket and refuses to move.,"packs of blanks, trades, the companion of the day"
alpha6,Alpha · Dark,Alpha,alpha,f1,First Finding,,yes,Dark Matter,Dark,dark,3,Mythic,slv,Silver,13,500,500,minusOppColor,Hex,-3 to each opponent Purple companion,bomb,Brick,-2 to the opposing companion and its row neighbours,Anywhere with a doorstep. It waits to be let in.,Like a hand finding yours in a crowd.,Takes the first front socket and refuses to move.,"packs of blanks, trades, the companion of the day"
alpha7,Alpha · Gold,Alpha,alpha,f1,First Finding,,yes,Full Gold,Gold,gold,4,Legendary,slv,Silver,16,1500,1500,plusAll,Anthem,+2 to each of your other companions,crown,Crown,+4 if nothing on your side has more points,Anywhere with a doorstep. It waits to be let in.,Like a hand finding yours in a crowd.,Takes the first front socket and refuses to move.,"packs of blanks, trades, the companion of the day"
alpha8,Alpha · Platinum,Alpha,alpha,f1,First Finding,,yes,Full Platinum,Platinum,platinum,4,Legendary,slv,Silver,15,1500,1500,plusAll,Anthem,+2 to each of your other companions,veto,Veto,Cancels the opposing companion's power,Anywhere with a doorstep. It waits to be let in.,Like a hand finding yours in a crowd.,Takes the first front socket and refuses to move.,"packs of blanks, trades, the companion of the day"
bravo1,Bravo,Bravo,bravo,f1,First Finding,1,,Classic,Classic,classic,0,Common,grn,Green,3,25,25,back,Backstage,+3 when played in the back row,,,,"In the back of the bakery oven, after closing.","Bread smell on a cold morning. That, exactly.",Warms the two sockets on either side of it.,"packs of blanks, trades, the companion of the day"
bravo2,Bravo · Vintage,Bravo,bravo,f1,First Finding,1,,Vintage,Vintage,reel,1,Uncommon,grn,Green,7,60,60,lonely,Loner,+5 if no companions are next to it,,,,"In the back of the bakery oven, after closing.","Bread smell on a cold morning. That, exactly.",Warms the two sockets on either side of it.,"packs of blanks, trades, the companion of the day"
bravo3,Bravo · Spotlight,Bravo,bravo,f1,First Finding,1,,Spotlight,Spotlight,stage,2,Rare,grn,Green,8,150,150,perOwnColor,Rally,+2 for each of your Green companions,,,,"In the back of the bakery oven, after closing.","Bread smell on a cold morning. That, exactly.",Warms the two sockets on either side of it.,"packs of blanks, trades, the companion of the day"
bravo4,Bravo · Holo,Bravo,bravo,f1,First Finding,1,,Holo,Holo,holo,3,Mythic,grn,Green,9,500,500,perOwnColor,Rally,+2 for each of your Green companions,chain,Chorus Line,+1 for each other companion in its row,"In the back of the bakery oven, after closing.","Bread smell on a cold morning. That, exactly.",Warms the two sockets on either side of it.,"packs of blanks, trades, the companion of the day"
bravo5,Bravo · Silver,Bravo,bravo,f1,First Finding,1,,Full Silver,Silver,silver,3,Mythic,slv,Silver,10,500,500,mirror,Mirror,Copies the opposing companion's points,shield,Shield,Cannot lose points to opposing powers,"In the back of the bakery oven, after closing.","Bread smell on a cold morning. That, exactly.",Warms the two sockets on either side of it.,"packs of blanks, trades, the companion of the day"
bravo6,Bravo · Dark,Bravo,bravo,f1,First Finding,1,,Dark Matter,Dark,dark,3,Mythic,grn,Green,10,500,500,minusOppColor,Hex,-3 to each opponent Red companion,bomb,Brick,-2 to the opposing companion and its row neighbours,"In the back of the bakery oven, after closing.","Bread smell on a cold morning. That, exactly.",Warms the two sockets on either side of it.,"packs of blanks, trades, the companion of the day"
bravo7,Bravo · Gold,Bravo,bravo,f1,First Finding,1,,Full Gold,Gold,gold,4,Legendary,grn,Green,13,1500,1500,plusOwnColor,Boost,+3 to each of your other Green companions,crown,Crown,+4 if nothing on your side has more points,"In the back of the bakery oven, after closing.","Bread smell on a cold morning. That, exactly.",Warms the two sockets on either side of it.,"packs of blanks, trades, the companion of the day"
bravo8,Bravo · Platinum,Bravo,bravo,f1,First Finding,1,,Full Platinum,Platinum,platinum,4,Legendary,slv,Silver,13,1500,1500,plusAll,Anthem,+2 to each of your other companions,veto,Veto,Cancels the opposing companion's power,"In the back of the bakery oven, after closing.","Bread smell on a cold morning. That, exactly.",Warms the two sockets on either side of it.,"packs of blanks, trades, the companion of the day"
charlie1,Charlie,Charlie,charlie,f1,First Finding,1,,Classic,Classic,classic,0,Common,yel,Yellow,3,25,25,none,None,NO POWER,,,,"Root cellar steps, third one down, always cool.",A quiet you did not know you needed.,Only wakes up in a night socket.,"packs of blanks, trades, the companion of the day"
charlie2,Charlie · Vintage,Charlie,charlie,f1,First Finding,1,,Vintage,Vintage,reel,1,Uncommon,org,Orange,6,60,60,back,Backstage,+4 when played in the back row,,,,"Root cellar steps, third one down, always cool.",A quiet you did not know you needed.,Only wakes up in a night socket.,"packs of blanks, trades, the companion of the day"
charlie3,Charlie · Spotlight,Charlie,charlie,f1,First Finding,1,,Spotlight,Spotlight,stage,2,Rare,yel,Yellow,8,150,150,steal,Pickpocket,Takes 3 points from the opposing companion,,,,"Root cellar steps, third one down, always cool.",A quiet you did not know you needed.,Only wakes up in a night socket.,"packs of blanks, trades, the companion of the day"
charlie4,Charlie · Holo,Charlie,charlie,f1,First Finding,1,,Holo,Holo,holo,3,Mythic,yel,Yellow,8,500,500,perOwnColor,Rally,+2 for each of your Yellow companions,chain,Chorus Line,+1 for each other companion in its row,"Root cellar steps, third one down, always cool.",A quiet you did not know you needed.,Only wakes up in a night socket.,"packs of blanks, trades, the companion of the day"
charlie5,Charlie · Silver,Charlie,charlie,f1,First Finding,1,,Full Silver,Silver,silver,3,Mythic,slv,Silver,9,500,500,mirror,Mirror,Copies the opposing companion's points,shield,Shield,Cannot lose points to opposing powers,"Root cellar steps, third one down, always cool.",A quiet you did not know you needed.,Only wakes up in a night socket.,"packs of blanks, trades, the companion of the day"
charlie6,Charlie · Dark,Charlie,charlie,f1,First Finding,1,,Dark Matter,Dark,dark,3,Mythic,yel,Yellow,9,500,500,minusOppColor,Hex,-3 to each opponent Blue companion,bomb,Brick,-2 to the opposing companion and its row neighbours,"Root cellar steps, third one down, always cool.",A quiet you did not know you needed.,Only wakes up in a night socket.,"packs of blanks, trades, the companion of the day"
charlie7,Charlie · Gold,Charlie,charlie,f1,First Finding,1,,Full Gold,Gold,gold,4,Legendary,yel,Yellow,13,1500,1500,perOppColor,Counter,+3 for each opponent Green companion,crown,Crown,+4 if nothing on your side has more points,"Root cellar steps, third one down, always cool.",A quiet you did not know you needed.,Only wakes up in a night socket.,"packs of blanks, trades, the companion of the day"
charlie8,Charlie · Platinum,Charlie,charlie,f1,First Finding,1,,Full Platinum,Platinum,platinum,4,Legendary,slv,Silver,13,1500,1500,plusAll,Anthem,+2 to each of your other companions,veto,Veto,Cancels the opposing companion's power,"Root cellar steps, third one down, always cool.",A quiet you did not know you needed.,Only wakes up in a night socket.,"packs of blanks, trades, the companion of the day"
delta1,Delta,Delta,delta,f2,Second Finding,1,,Classic,Classic,classic,0,Common,slv,Silver,4,25,25,x2,Buddy,x2 to Echo,,,,Above the main street chimneys when supper is on.,Someone waving from a lit window.,Rises to the back row and stays there.,"packs of blanks, trades, the companion of the day"
delta2,Delta · Vintage,Delta,delta,f2,Second Finding,1,,Vintage,Vintage,reel,1,Uncommon,prp,Purple,6,60,60,opp,Jab,-3 to the opposing companion,,,,Above the main street chimneys when supper is on.,Someone waving from a lit window.,Rises to the back row and stays there.,"packs of blanks, trades, the companion of the day"
delta3,Delta · Spotlight,Delta,delta,f2,Second Finding,1,,Spotlight,Spotlight,stage,2,Rare,slv,Silver,9,150,150,mirror,Mirror,Copies the opposing companion's points,,,,Above the main street chimneys when supper is on.,Someone waving from a lit window.,Rises to the back row and stays there.,"packs of blanks, trades, the companion of the day"
delta4,Delta · Holo,Delta,delta,f2,Second Finding,1,,Holo,Holo,holo,3,Mythic,slv,Silver,9,500,500,perOwnColor,Rally,+2 for each of your Silver companions,chain,Chorus Line,+1 for each other companion in its row,Above the main street chimneys when supper is on.,Someone waving from a lit window.,Rises to the back row and stays there.,"packs of blanks, trades, the companion of the day"
delta5,Delta · Silver,Delta,delta,f2,Second Finding,1,,Full Silver,Silver,silver,3,Mythic,slv,Silver,10,500,500,mirror,Mirror,Copies the opposing companion's points,shield,Shield,Cannot lose points to opposing powers,Above the main street chimneys when supper is on.,Someone waving from a lit window.,Rises to the back row and stays there.,"packs of blanks, trades, the companion of the day"
delta6,Delta · Dark,Delta,delta,f2,Second Finding,1,,Dark Matter,Dark,dark,3,Mythic,slv,Silver,10,500,500,minusOppColor,Hex,-3 to each opponent Purple companion,bomb,Brick,-2 to the opposing companion and its row neighbours,Above the main street chimneys when supper is on.,Someone waving from a lit window.,Rises to the back row and stays there.,"packs of blanks, trades, the companion of the day"
delta7,Delta · Gold,Delta,delta,f2,Second Finding,1,,Full Gold,Gold,gold,4,Legendary,slv,Silver,13,1500,1500,minusOppColor,Hex,-3 to each opponent Red companion,crown,Crown,+4 if nothing on your side has more points,Above the main street chimneys when supper is on.,Someone waving from a lit window.,Rises to the back row and stays there.,"packs of blanks, trades, the companion of the day"
delta8,Delta · Platinum,Delta,delta,f2,Second Finding,1,,Full Platinum,Platinum,platinum,4,Legendary,slv,Silver,13,1500,1500,plusAll,Anthem,+2 to each of your other companions,veto,Veto,Cancels the opposing companion's power,Above the main street chimneys when supper is on.,Someone waving from a lit window.,Rises to the back row and stays there.,"packs of blanks, trades, the companion of the day"
echo1,Echo,Echo,echo,f2,Second Finding,2,,Classic,Classic,classic,0,Common,slv,Silver,2,25,25,perOwnColor,Rally,+2 for each of your Silver companions,,,,"Under the ferry ropes, counting its own feet.",A tug on the line. Something is there.,"Moves with the current. Front at dawn, back by dusk.","packs of blanks, trades, the companion of the day"
echo2,Echo · Vintage,Echo,echo,f2,Second Finding,2,,Vintage,Vintage,reel,1,Uncommon,blu,Blue,5,60,60,first,Opener,+4 if played first,,,,"Under the ferry ropes, counting its own feet.",A tug on the line. Something is there.,"Moves with the current. Front at dawn, back by dusk.","packs of blanks, trades, the companion of the day"
echo3,Echo · Spotlight,Echo,echo,f2,Second Finding,2,,Spotlight,Spotlight,stage,2,Rare,slv,Silver,7,150,150,lonely,Loner,+4 if no companions are next to it,,,,"Under the ferry ropes, counting its own feet.",A tug on the line. Something is there.,"Moves with the current. Front at dawn, back by dusk.","packs of blanks, trades, the companion of the day"
echo4,Echo · Holo,Echo,echo,f2,Second Finding,2,,Holo,Holo,holo,3,Mythic,slv,Silver,8,500,500,perOwnColor,Rally,+2 for each of your Silver companions,chain,Chorus Line,+1 for each other companion in its row,"Under the ferry ropes, counting its own feet.",A tug on the line. Something is there.,"Moves with the current. Front at dawn, back by dusk.","packs of blanks, trades, the companion of the day"
echo5,Echo · Silver,Echo,echo,f2,Second Finding,2,,Full Silver,Silver,silver,3,Mythic,slv,Silver,9,500,500,steal,Pickpocket,Takes 4 points from the opposing companion,shield,Shield,Cannot lose points to opposing powers,"Under the ferry ropes, counting its own feet.",A tug on the line. Something is there.,"Moves with the current. Front at dawn, back by dusk.","packs of blanks, trades, the companion of the day"
echo6,Echo · Dark,Echo,echo,f2,Second Finding,2,,Dark Matter,Dark,dark,3,Mythic,slv,Silver,9,500,500,minusOppColor,Hex,-3 to each opponent Purple companion,bomb,Brick,-2 to the opposing companion and its row neighbours,"Under the ferry ropes, counting its own feet.",A tug on the line. Something is there.,"Moves with the current. Front at dawn, back by dusk.","packs of blanks, trades, the companion of the day"
echo7,Echo · Gold,Echo,echo,f2,Second Finding,2,,Full Gold,Gold,gold,4,Legendary,slv,Silver,13,1500,1500,plusOwnColor,Boost,+2 to each of your other Silver companions,crown,Crown,+4 if nothing on your side has more points,"Under the ferry ropes, counting its own feet.",A tug on the line. Something is there.,"Moves with the current. Front at dawn, back by dusk.","packs of blanks, trades, the companion of the day"
echo8,Echo · Platinum,Echo,echo,f2,Second Finding,2,,Full Platinum,Platinum,platinum,4,Legendary,slv,Silver,13,1500,1500,plusAll,Anthem,+2 to each of your other companions,veto,Veto,Cancels the opposing companion's power,"Under the ferry ropes, counting its own feet.",A tug on the line. Something is there.,"Moves with the current. Front at dawn, back by dusk.","packs of blanks, trades, the companion of the day"
foxtrot1,Foxtrot,Foxtrot,foxtrot,f2,Second Finding,2,,Classic,Classic,classic,0,Common,red,Red,4,25,25,x2,Buddy,x2 to Echo,,,,"The shallows below the dock, where feet go numb.",Cold at first. Then you stop noticing.,Never leaves the socket it lands in.,"packs of blanks, trades, the companion of the day"
foxtrot2,Foxtrot · Vintage,Foxtrot,foxtrot,f2,Second Finding,2,,Vintage,Vintage,reel,1,Uncommon,red,Red,7,60,60,front,Spotlight,+4 when played in the front row,,,,"The shallows below the dock, where feet go numb.",Cold at first. Then you stop noticing.,Never leaves the socket it lands in.,"packs of blanks, trades, the companion of the day"
foxtrot3,Foxtrot · Spotlight,Foxtrot,foxtrot,f2,Second Finding,2,,Spotlight,Spotlight,stage,2,Rare,red,Red,10,150,150,plusOwnColor,Boost,+2 to each of your other Red companions,,,,"The shallows below the dock, where feet go numb.",Cold at first. Then you stop noticing.,Never leaves the socket it lands in.,"packs of blanks, trades, the companion of the day"
foxtrot4,Foxtrot · Holo,Foxtrot,foxtrot,f2,Second Finding,2,,Holo,Holo,holo,3,Mythic,red,Red,11,500,500,perOwnColor,Rally,+2 for each of your Red companions,chain,Chorus Line,+1 for each other companion in its row,"The shallows below the dock, where feet go numb.",Cold at first. Then you stop noticing.,Never leaves the socket it lands in.,"packs of blanks, trades, the companion of the day"
foxtrot5,Foxtrot · Silver,Foxtrot,foxtrot,f2,Second Finding,2,,Full Silver,Silver,silver,3,Mythic,slv,Silver,12,500,500,mirror,Mirror,Copies the opposing companion's points,shield,Shield,Cannot lose points to opposing powers,"The shallows below the dock, where feet go numb.",Cold at first. Then you stop noticing.,Never leaves the socket it lands in.,"packs of blanks, trades, the companion of the day"
foxtrot6,Foxtrot · Dark,Foxtrot,foxtrot,f2,Second Finding,2,,Dark Matter,Dark,dark,3,Mythic,red,Red,12,500,500,minusOppColor,Hex,-3 to each opponent Green companion,bomb,Brick,-2 to the opposing companion and its row neighbours,"The shallows below the dock, where feet go numb.",Cold at first. Then you stop noticing.,Never leaves the socket it lands in.,"packs of blanks, trades, the companion of the day"
foxtrot7,Foxtrot · Gold,Foxtrot,foxtrot,f2,Second Finding,2,,Full Gold,Gold,gold,4,Legendary,red,Red,15,1500,1500,perOwnColor,Rally,+3 for each of your Red companions,crown,Crown,+4 if nothing on your side has more points,"The shallows below the dock, where feet go numb.",Cold at first. Then you stop noticing.,Never leaves the socket it lands in.,"packs of blanks, trades, the companion of the day"
foxtrot8,Foxtrot · Platinum,Foxtrot,foxtrot,f2,Second Finding,2,,Full Platinum,Platinum,platinum,4,Legendary,slv,Silver,14,1500,1500,plusAll,Anthem,+2 to each of your other companions,veto,Veto,Cancels the opposing companion's power,"The shallows below the dock, where feet go numb.",Cold at first. Then you stop noticing.,Never leaves the socket it lands in.,"packs of blanks, trades, the companion of the day"
golf1,Golf,Golf,golf,f3,Third Finding,,yes,Classic,Classic,classic,0,Common,blu,Blue,5,25,25,x2,Buddy,x2 to Hotel,,,,"In coat pockets, forgotten, then found again.",Heavy in the good way. Like being held.,Sits at the back and holds up whatever it can.,"packs of blanks, trades, the companion of the day"
golf2,Golf · Vintage,Golf,golf,f3,Third Finding,,yes,Vintage,Vintage,reel,1,Uncommon,blu,Blue,8,60,60,opp,Jab,-4 to the opposing companion,,,,"In coat pockets, forgotten, then found again.",Heavy in the good way. Like being held.,Sits at the back and holds up whatever it can.,"packs of blanks, trades, the companion of the day"
golf3,Golf · Spotlight,Golf,golf,f3,Third Finding,,yes,Spotlight,Spotlight,stage,2,Rare,blu,Blue,10,150,150,steal,Pickpocket,Takes 4 points from the opposing companion,,,,"In coat pockets, forgotten, then found again.",Heavy in the good way. Like being held.,Sits at the back and holds up whatever it can.,"packs of blanks, trades, the companion of the day"
golf4,Golf · Holo,Golf,golf,f3,Third Finding,,yes,Holo,Holo,holo,3,Mythic,blu,Blue,12,500,500,perOwnColor,Rally,+2 for each of your Blue companions,chain,Chorus Line,+1 for each other companion in its row,"In coat pockets, forgotten, then found again.",Heavy in the good way. Like being held.,Sits at the back and holds up whatever it can.,"packs of blanks, trades, the companion of the day"
golf5,Golf · Silver,Golf,golf,f3,Third Finding,,yes,Full Silver,Silver,silver,3,Mythic,slv,Silver,13,500,500,steal,Pickpocket,Takes 4 points from the opposing companion,shield,Shield,Cannot lose points to opposing powers,"In coat pockets, forgotten, then found again.",Heavy in the good way. Like being held.,Sits at the back and holds up whatever it can.,"packs of blanks, trades, the companion of the day"
golf6,Golf · Dark,Golf,golf,f3,Third Finding,,yes,Dark Matter,Dark,dark,3,Mythic,blu,Blue,13,500,500,minusOppColor,Hex,-3 to each opponent Orange companion,bomb,Brick,-2 to the opposing companion and its row neighbours,"In coat pockets, forgotten, then found again.",Heavy in the good way. Like being held.,Sits at the back and holds up whatever it can.,"packs of blanks, trades, the companion of the day"
golf7,Golf · Gold,Golf,golf,f3,Third Finding,,yes,Full Gold,Gold,gold,4,Legendary,blu,Blue,16,1500,1500,opp,Jab,-8 to the opposing companion,crown,Crown,+4 if nothing on your side has more points,"In coat pockets, forgotten, then found again.",Heavy in the good way. Like being held.,Sits at the back and holds up whatever it can.,"packs of blanks, trades, the companion of the day"
golf8,Golf · Platinum,Golf,golf,f3,Third Finding,,yes,Full Platinum,Platinum,platinum,4,Legendary,slv,Silver,15,1500,1500,plusAll,Anthem,+2 to each of your other companions,veto,Veto,Cancels the opposing companion's power,"In coat pockets, forgotten, then found again.",Heavy in the good way. Like being held.,Sits at the back and holds up whatever it can.,"packs of blanks, trades, the companion of the day"
hotel1,Hotel,Hotel,hotel,f3,Third Finding,2,,Classic,Classic,classic,0,Common,red,Red,2,25,25,x2,Buddy,x2 to Golf,,,,On the water before the first ferry runs.,"Not knowing where the bank is, and not minding.",Hides whoever stands behind it until noon.,"packs of blanks, trades, the companion of the day"
hotel2,Hotel · Vintage,Hotel,hotel,f3,Third Finding,2,,Vintage,Vintage,reel,1,Uncommon,red,Red,5,60,60,back,Backstage,+3 when played in the back row,,,,On the water before the first ferry runs.,"Not knowing where the bank is, and not minding.",Hides whoever stands behind it until noon.,"packs of blanks, trades, the companion of the day"
hotel3,Hotel · Spotlight,Hotel,hotel,f3,Third Finding,2,,Spotlight,Spotlight,stage,2,Rare,red,Red,7,150,150,perOwnColor,Rally,+2 for each of your Blue companions,,,,On the water before the first ferry runs.,"Not knowing where the bank is, and not minding.",Hides whoever stands behind it until noon.,"packs of blanks, trades, the companion of the day"
hotel4,Hotel · Holo,Hotel,hotel,f3,Third Finding,2,,Holo,Holo,holo,3,Mythic,red,Red,8,500,500,perOwnColor,Rally,+2 for each of your Red companions,chain,Chorus Line,+1 for each other companion in its row,On the water before the first ferry runs.,"Not knowing where the bank is, and not minding.",Hides whoever stands behind it until noon.,"packs of blanks, trades, the companion of the day"
hotel5,Hotel · Silver,Hotel,hotel,f3,Third Finding,2,,Full Silver,Silver,silver,3,Mythic,slv,Silver,9,500,500,mirror,Mirror,Copies the opposing companion's points,shield,Shield,Cannot lose points to opposing powers,On the water before the first ferry runs.,"Not knowing where the bank is, and not minding.",Hides whoever stands behind it until noon.,"packs of blanks, trades, the companion of the day"
hotel6,Hotel · Dark,Hotel,hotel,f3,Third Finding,2,,Dark Matter,Dark,dark,3,Mythic,red,Red,9,500,500,minusOppColor,Hex,-3 to each opponent Green companion,bomb,Brick,-2 to the opposing companion and its row neighbours,On the water before the first ferry runs.,"Not knowing where the bank is, and not minding.",Hides whoever stands behind it until noon.,"packs of blanks, trades, the companion of the day"
hotel7,Hotel · Gold,Hotel,hotel,f3,Third Finding,2,,Full Gold,Gold,gold,4,Legendary,red,Red,13,1500,1500,plusOwnColor,Boost,+2 to each of your other Blue companions,crown,Crown,+4 if nothing on your side has more points,On the water before the first ferry runs.,"Not knowing where the bank is, and not minding.",Hides whoever stands behind it until noon.,"packs of blanks, trades, the companion of the day"
hotel8,Hotel · Platinum,Hotel,hotel,f3,Third Finding,2,,Full Platinum,Platinum,platinum,4,Legendary,slv,Silver,13,1500,1500,plusAll,Anthem,+2 to each of your other companions,veto,Veto,Cancels the opposing companion's power,On the water before the first ferry runs.,"Not knowing where the bank is, and not minding.",Hides whoever stands behind it until noon.,"packs of blanks, trades, the companion of the day"
india1,India,India,india,f4,Fourth Finding,3,,Classic,Classic,classic,0,Common,blu,Blue,4,25,25,lonely,Loner,+3 if no companions are next to it,,,,"Inside a cooling kiln, where it is warmest.",Like holding a mug too hot to hold.,"Refuses a night socket. Daylight only, no discussion.","packs of blanks, trades, the companion of the day"
india2,India · Vintage,India,india,f4,Fourth Finding,3,,Vintage,Vintage,reel,1,Uncommon,blu,Blue,7,60,60,front,Spotlight,+3 when played in the front row,,,,"Inside a cooling kiln, where it is warmest.",Like holding a mug too hot to hold.,"Refuses a night socket. Daylight only, no discussion.","packs of blanks, trades, the companion of the day"
india3,India · Spotlight,India,india,f4,Fourth Finding,3,,Spotlight,Spotlight,stage,2,Rare,prp,Purple,9,150,150,minusOppColor,Hex,-3 to each opponent Green companion,,,,"Inside a cooling kiln, where it is warmest.",Like holding a mug too hot to hold.,"Refuses a night socket. Daylight only, no discussion.","packs of blanks, trades, the companion of the day"
india4,India · Holo,India,india,f4,Fourth Finding,3,,Holo,Holo,holo,3,Mythic,blu,Blue,9,500,500,perOwnColor,Rally,+2 for each of your Blue companions,chain,Chorus Line,+1 for each other companion in its row,"Inside a cooling kiln, where it is warmest.",Like holding a mug too hot to hold.,"Refuses a night socket. Daylight only, no discussion.","packs of blanks, trades, the companion of the day"
india5,India · Silver,India,india,f4,Fourth Finding,3,,Full Silver,Silver,silver,3,Mythic,slv,Silver,10,500,500,mirror,Mirror,Copies the opposing companion's points,shield,Shield,Cannot lose points to opposing powers,"Inside a cooling kiln, where it is warmest.",Like holding a mug too hot to hold.,"Refuses a night socket. Daylight only, no discussion.","packs of blanks, trades, the companion of the day"
india6,India · Dark,India,india,f4,Fourth Finding,3,,Dark Matter,Dark,dark,3,Mythic,blu,Blue,10,500,500,minusOppColor,Hex,-3 to each opponent Orange companion,bomb,Brick,-2 to the opposing companion and its row neighbours,"Inside a cooling kiln, where it is warmest.",Like holding a mug too hot to hold.,"Refuses a night socket. Daylight only, no discussion.","packs of blanks, trades, the companion of the day"
india7,India · Gold,India,india,f4,Fourth Finding,3,,Full Gold,Gold,gold,4,Legendary,blu,Blue,13,1500,1500,plusOwnColor,Boost,+3 to each of your other Blue companions,crown,Crown,+4 if nothing on your side has more points,"Inside a cooling kiln, where it is warmest.",Like holding a mug too hot to hold.,"Refuses a night socket. Daylight only, no discussion.","packs of blanks, trades, the companion of the day"
india8,India · Platinum,India,india,f4,Fourth Finding,3,,Full Platinum,Platinum,platinum,4,Legendary,slv,Silver,13,1500,1500,plusAll,Anthem,+2 to each of your other companions,veto,Veto,Cancels the opposing companion's power,"Inside a cooling kiln, where it is warmest.",Like holding a mug too hot to hold.,"Refuses a night socket. Daylight only, no discussion.","packs of blanks, trades, the companion of the day"
juliett1,Juliett,Juliett,juliett,f4,Fourth Finding,3,,Classic,Classic,classic,0,Common,slv,Silver,4,25,25,first,Opener,+3 if played first,,,,"The reject shelf behind the workshop, slightly cracked.",Stubborn. Yours anyway. Mostly the second thing.,Holds up two front sockets instead of one.,"packs of blanks, trades, the companion of the day"
juliett2,Juliett · Vintage,Juliett,juliett,f4,Fourth Finding,3,,Vintage,Vintage,reel,1,Uncommon,org,Orange,7,60,60,perOwnColor,Rally,+2 for each of your Orange companions,,,,"The reject shelf behind the workshop, slightly cracked.",Stubborn. Yours anyway. Mostly the second thing.,Holds up two front sockets instead of one.,"packs of blanks, trades, the companion of the day"
juliett3,Juliett · Spotlight,Juliett,juliett,f4,Fourth Finding,3,,Spotlight,Spotlight,stage,2,Rare,slv,Silver,9,150,150,back,Backstage,+5 when played in the back row,,,,"The reject shelf behind the workshop, slightly cracked.",Stubborn. Yours anyway. Mostly the second thing.,Holds up two front sockets instead of one.,"packs of blanks, trades, the companion of the day"
juliett4,Juliett · Holo,Juliett,juliett,f4,Fourth Finding,3,,Holo,Holo,holo,3,Mythic,slv,Silver,11,500,500,perOwnColor,Rally,+2 for each of your Silver companions,chain,Chorus Line,+1 for each other companion in its row,"The reject shelf behind the workshop, slightly cracked.",Stubborn. Yours anyway. Mostly the second thing.,Holds up two front sockets instead of one.,"packs of blanks, trades, the companion of the day"
juliett5,Juliett · Silver,Juliett,juliett,f4,Fourth Finding,3,,Full Silver,Silver,silver,3,Mythic,slv,Silver,12,500,500,mirror,Mirror,Copies the opposing companion's points,shield,Shield,Cannot lose points to opposing powers,"The reject shelf behind the workshop, slightly cracked.",Stubborn. Yours anyway. Mostly the second thing.,Holds up two front sockets instead of one.,"packs of blanks, trades, the companion of the day"
juliett6,Juliett · Dark,Juliett,juliett,f4,Fourth Finding,3,,Dark Matter,Dark,dark,3,Mythic,slv,Silver,12,500,500,minusOppColor,Hex,-3 to each opponent Purple companion,bomb,Brick,-2 to the opposing companion and its row neighbours,"The reject shelf behind the workshop, slightly cracked.",Stubborn. Yours anyway. Mostly the second thing.,Holds up two front sockets instead of one.,"packs of blanks, trades, the companion of the day"
juliett7,Juliett · Gold,Juliett,juliett,f4,Fourth Finding,3,,Full Gold,Gold,gold,4,Legendary,slv,Silver,15,1500,1500,plusAll,Anthem,+2 to each of your other companions,crown,Crown,+4 if nothing on your side has more points,"The reject shelf behind the workshop, slightly cracked.",Stubborn. Yours anyway. Mostly the second thing.,Holds up two front sockets instead of one.,"packs of blanks, trades, the companion of the day"
juliett8,Juliett · Platinum,Juliett,juliett,f4,Fourth Finding,3,,Full Platinum,Platinum,platinum,4,Legendary,slv,Silver,14,1500,1500,plusAll,Anthem,+2 to each of your other companions,veto,Veto,Cancels the opposing companion's power,"The reject shelf behind the workshop, slightly cracked.",Stubborn. Yours anyway. Mostly the second thing.,Holds up two front sockets instead of one.,"packs of blanks, trades, the companion of the day"
kilo1,Kilo,Kilo,kilo,f4,Fourth Finding,3,,Classic,Classic,classic,0,Common,org,Orange,3,25,25,none,None,NO POWER,,,,Over the sun-baked terraces at the hottest hour.,Wanting to make something before the day ends.,Wobbles the socket in front of it. On purpose.,"packs of blanks, trades, the companion of the day"
kilo2,Kilo · Vintage,Kilo,kilo,f4,Fourth Finding,3,,Vintage,Vintage,reel,1,Uncommon,org,Orange,6,60,60,perOppColor,Counter,+2 for each opponent Silver companion,,,,Over the sun-baked terraces at the hottest hour.,Wanting to make something before the day ends.,Wobbles the socket in front of it. On purpose.,"packs of blanks, trades, the companion of the day"
kilo3,Kilo · Spotlight,Kilo,kilo,f4,Fourth Finding,3,,Spotlight,Spotlight,stage,2,Rare,org,Orange,8,150,150,front,Spotlight,+4 when played in the front row,,,,Over the sun-baked terraces at the hottest hour.,Wanting to make something before the day ends.,Wobbles the socket in front of it. On purpose.,"packs of blanks, trades, the companion of the day"
kilo4,Kilo · Holo,Kilo,kilo,f4,Fourth Finding,3,,Holo,Holo,holo,3,Mythic,org,Orange,8,500,500,perOwnColor,Rally,+2 for each of your Orange companions,chain,Chorus Line,+1 for each other companion in its row,Over the sun-baked terraces at the hottest hour.,Wanting to make something before the day ends.,Wobbles the socket in front of it. On purpose.,"packs of blanks, trades, the companion of the day"
kilo5,Kilo · Silver,Kilo,kilo,f4,Fourth Finding,3,,Full Silver,Silver,silver,3,Mythic,slv,Silver,9,500,500,steal,Pickpocket,Takes 4 points from the opposing companion,shield,Shield,Cannot lose points to opposing powers,Over the sun-baked terraces at the hottest hour.,Wanting to make something before the day ends.,Wobbles the socket in front of it. On purpose.,"packs of blanks, trades, the companion of the day"
kilo6,Kilo · Dark,Kilo,kilo,f4,Fourth Finding,3,,Dark Matter,Dark,dark,3,Mythic,org,Orange,9,500,500,minusOppColor,Hex,-3 to each opponent Blue companion,bomb,Brick,-2 to the opposing companion and its row neighbours,Over the sun-baked terraces at the hottest hour.,Wanting to make something before the day ends.,Wobbles the socket in front of it. On purpose.,"packs of blanks, trades, the companion of the day"
kilo7,Kilo · Gold,Kilo,kilo,f4,Fourth Finding,3,,Full Gold,Gold,gold,4,Legendary,org,Orange,13,1500,1500,plusOwnColor,Boost,+2 to each of your other Orange companions,crown,Crown,+4 if nothing on your side has more points,Over the sun-baked terraces at the hottest hour.,Wanting to make something before the day ends.,Wobbles the socket in front of it. On purpose.,"packs of blanks, trades, the companion of the day"
kilo8,Kilo · Platinum,Kilo,kilo,f4,Fourth Finding,3,,Full Platinum,Platinum,platinum,4,Legendary,slv,Silver,13,1500,1500,plusAll,Anthem,+2 to each of your other companions,veto,Veto,Cancels the opposing companion's power,Over the sun-baked terraces at the hottest hour.,Wanting to make something before the day ends.,Wobbles the socket in front of it. On purpose.,"packs of blanks, trades, the companion of the day"
lima1,Lima,Lima,lima,f4,Fourth Finding,4,,Classic,Classic,classic,0,Common,grn,Green,3,25,25,back,Backstage,+2 when played in the back row,,,,"In the orchard, in the tallest tree's crook.",Being handed something sweet without asking.,Passes warmth to whoever sits behind it.,"packs of blanks, trades, the companion of the day"
lima2,Lima · Vintage,Lima,lima,f4,Fourth Finding,4,,Vintage,Vintage,reel,1,Uncommon,grn,Green,6,60,60,x2,Buddy,x2 to Kilo,,,,"In the orchard, in the tallest tree's crook.",Being handed something sweet without asking.,Passes warmth to whoever sits behind it.,"packs of blanks, trades, the companion of the day"
lima3,Lima · Spotlight,Lima,lima,f4,Fourth Finding,4,,Spotlight,Spotlight,stage,2,Rare,grn,Green,8,150,150,opp,Jab,-4 to the opposing companion,,,,"In the orchard, in the tallest tree's crook.",Being handed something sweet without asking.,Passes warmth to whoever sits behind it.,"packs of blanks, trades, the companion of the day"
lima4,Lima · Holo,Lima,lima,f4,Fourth Finding,4,,Holo,Holo,holo,3,Mythic,grn,Green,8,500,500,perOwnColor,Rally,+2 for each of your Green companions,chain,Chorus Line,+1 for each other companion in its row,"In the orchard, in the tallest tree's crook.",Being handed something sweet without asking.,Passes warmth to whoever sits behind it.,"packs of blanks, trades, the companion of the day"
lima5,Lima · Silver,Lima,lima,f4,Fourth Finding,4,,Full Silver,Silver,silver,3,Mythic,slv,Silver,9,500,500,steal,Pickpocket,Takes 4 points from the opposing companion,shield,Shield,Cannot lose points to opposing powers,"In the orchard, in the tallest tree's crook.",Being handed something sweet without asking.,Passes warmth to whoever sits behind it.,"packs of blanks, trades, the companion of the day"
lima6,Lima · Dark,Lima,lima,f4,Fourth Finding,4,,Dark Matter,Dark,dark,3,Mythic,grn,Green,9,500,500,minusOppColor,Hex,-3 to each opponent Red companion,bomb,Brick,-2 to the opposing companion and its row neighbours,"In the orchard, in the tallest tree's crook.",Being handed something sweet without asking.,Passes warmth to whoever sits behind it.,"packs of blanks, trades, the companion of the day"
lima7,Lima · Gold,Lima,lima,f4,Fourth Finding,4,,Full Gold,Gold,gold,4,Legendary,grn,Green,13,1500,1500,perOwnColor,Rally,+2 for each of your Green companions,crown,Crown,+4 if nothing on your side has more points,"In the orchard, in the tallest tree's crook.",Being handed something sweet without asking.,Passes warmth to whoever sits behind it.,"packs of blanks, trades, the companion of the day"
lima8,Lima · Platinum,Lima,lima,f4,Fourth Finding,4,,Full Platinum,Platinum,platinum,4,Legendary,slv,Silver,13,1500,1500,plusAll,Anthem,+2 to each of your other companions,veto,Veto,Cancels the opposing companion's power,"In the orchard, in the tallest tree's crook.",Being handed something sweet without asking.,Passes warmth to whoever sits behind it.,"packs of blanks, trades, the companion of the day"
mike1,Mike,Mike,mike,f5,Fifth Finding,,yes,Classic,Classic,classic,0,Common,prp,Purple,3,25,25,x2,Buddy,x2 to November,,,,"The corner of any room, just past the lamp.",A draft that somehow knows your name.,Drifts one socket left whenever nobody is looking.,"packs of blanks, trades, the companion of the day"
mike2,Mike · Vintage,Mike,mike,f5,Fifth Finding,,yes,Vintage,Vintage,reel,1,Uncommon,prp,Purple,6,60,60,mirror,Mirror,Copies the opposing companion's points,,,,"The corner of any room, just past the lamp.",A draft that somehow knows your name.,Drifts one socket left whenever nobody is looking.,"packs of blanks, trades, the companion of the day"
mike3,Mike · Spotlight,Mike,mike,f5,Fifth Finding,,yes,Spotlight,Spotlight,stage,2,Rare,prp,Purple,8,150,150,lonely,Loner,+6 if no companions are next to it,,,,"The corner of any room, just past the lamp.",A draft that somehow knows your name.,Drifts one socket left whenever nobody is looking.,"packs of blanks, trades, the companion of the day"
mike4,Mike · Holo,Mike,mike,f5,Fifth Finding,,yes,Holo,Holo,holo,3,Mythic,prp,Purple,8,500,500,perOwnColor,Rally,+2 for each of your Purple companions,chain,Chorus Line,+1 for each other companion in its row,"The corner of any room, just past the lamp.",A draft that somehow knows your name.,Drifts one socket left whenever nobody is looking.,"packs of blanks, trades, the companion of the day"
mike5,Mike · Silver,Mike,mike,f5,Fifth Finding,,yes,Full Silver,Silver,silver,3,Mythic,slv,Silver,9,500,500,steal,Pickpocket,Takes 4 points from the opposing companion,shield,Shield,Cannot lose points to opposing powers,"The corner of any room, just past the lamp.",A draft that somehow knows your name.,Drifts one socket left whenever nobody is looking.,"packs of blanks, trades, the companion of the day"
mike6,Mike · Dark,Mike,mike,f5,Fifth Finding,,yes,Dark Matter,Dark,dark,3,Mythic,prp,Purple,9,500,500,minusOppColor,Hex,-3 to each opponent Yellow companion,bomb,Brick,-2 to the opposing companion and its row neighbours,"The corner of any room, just past the lamp.",A draft that somehow knows your name.,Drifts one socket left whenever nobody is looking.,"packs of blanks, trades, the companion of the day"
mike7,Mike · Gold,Mike,mike,f5,Fifth Finding,,yes,Full Gold,Gold,gold,4,Legendary,prp,Purple,13,1500,1500,minusOppColor,Hex,-3 to each opponent Blue companion,crown,Crown,+4 if nothing on your side has more points,"The corner of any room, just past the lamp.",A draft that somehow knows your name.,Drifts one socket left whenever nobody is looking.,"packs of blanks, trades, the companion of the day"
mike8,Mike · Platinum,Mike,mike,f5,Fifth Finding,,yes,Full Platinum,Platinum,platinum,4,Legendary,slv,Silver,13,1500,1500,plusAll,Anthem,+2 to each of your other companions,veto,Veto,Cancels the opposing companion's power,"The corner of any room, just past the lamp.",A draft that somehow knows your name.,Drifts one socket left whenever nobody is looking.,"packs of blanks, trades, the companion of the day"
november1,November,November,november,f5,Fifth Finding,,yes,Classic,Classic,classic,0,Common,slv,Silver,2,25,25,opp,Jab,-2 to the opposing companion,,,,Wherever the umbrella got left behind.,Like the first rain after a long dry week.,Dampens the socket beside it. Nobody minds.,"packs of blanks, trades, the companion of the day"
november2,November · Vintage,November,november,f5,Fifth Finding,,yes,Vintage,Vintage,reel,1,Uncommon,org,Orange,5,60,60,steal,Pickpocket,Takes 2 points from the opposing companion,,,,Wherever the umbrella got left behind.,Like the first rain after a long dry week.,Dampens the socket beside it. Nobody minds.,"packs of blanks, trades, the companion of the day"
november3,November · Spotlight,November,november,f5,Fifth Finding,,yes,Spotlight,Spotlight,stage,2,Rare,slv,Silver,7,150,150,opp,Jab,-5 to the opposing companion,,,,Wherever the umbrella got left behind.,Like the first rain after a long dry week.,Dampens the socket beside it. Nobody minds.,"packs of blanks, trades, the companion of the day"
november4,November · Holo,November,november,f5,Fifth Finding,,yes,Holo,Holo,holo,3,Mythic,slv,Silver,8,500,500,perOwnColor,Rally,+2 for each of your Silver companions,chain,Chorus Line,+1 for each other companion in its row,Wherever the umbrella got left behind.,Like the first rain after a long dry week.,Dampens the socket beside it. Nobody minds.,"packs of blanks, trades, the companion of the day"
november5,November · Silver,November,november,f5,Fifth Finding,,yes,Full Silver,Silver,silver,3,Mythic,slv,Silver,9,500,500,steal,Pickpocket,Takes 4 points from the opposing companion,shield,Shield,Cannot lose points to opposing powers,Wherever the umbrella got left behind.,Like the first rain after a long dry week.,Dampens the socket beside it. Nobody minds.,"packs of blanks, trades, the companion of the day"
november6,November · Dark,November,november,f5,Fifth Finding,,yes,Dark Matter,Dark,dark,3,Mythic,slv,Silver,9,500,500,minusOppColor,Hex,-3 to each opponent Purple companion,bomb,Brick,-2 to the opposing companion and its row neighbours,Wherever the umbrella got left behind.,Like the first rain after a long dry week.,Dampens the socket beside it. Nobody minds.,"packs of blanks, trades, the companion of the day"
november7,November · Gold,November,november,f5,Fifth Finding,,yes,Full Gold,Gold,gold,4,Legendary,slv,Silver,13,1500,1500,steal,Pickpocket,Takes 5 points from the opposing companion,crown,Crown,+4 if nothing on your side has more points,Wherever the umbrella got left behind.,Like the first rain after a long dry week.,Dampens the socket beside it. Nobody minds.,"packs of blanks, trades, the companion of the day"
november8,November · Platinum,November,november,f5,Fifth Finding,,yes,Full Platinum,Platinum,platinum,4,Legendary,slv,Silver,13,1500,1500,plusAll,Anthem,+2 to each of your other companions,veto,Veto,Cancels the opposing companion's power,Wherever the umbrella got left behind.,Like the first rain after a long dry week.,Dampens the socket beside it. Nobody minds.,"packs of blanks, trades, the companion of the day"
oscar1,Oscar,Oscar,oscar,f5,Fifth Finding,4,,Classic,Classic,classic,0,Common,blu,Blue,3,25,25,first,Opener,+4 if played first,,,,"Under the hive stands, where the grass stays soft.",Old friend. You just met. Both are true.,Plays slow. The board somehow waits for it.,"packs of blanks, trades, the companion of the day"
oscar2,Oscar · Vintage,Oscar,oscar,f5,Fifth Finding,4,,Vintage,Vintage,reel,1,Uncommon,yel,Yellow,6,60,60,lonely,Loner,+4 if no companions are next to it,,,,"Under the hive stands, where the grass stays soft.",Old friend. You just met. Both are true.,Plays slow. The board somehow waits for it.,"packs of blanks, trades, the companion of the day"
oscar3,Oscar · Spotlight,Oscar,oscar,f5,Fifth Finding,4,,Spotlight,Spotlight,stage,2,Rare,blu,Blue,8,150,150,last,Closer,+6 if played last,,,,"Under the hive stands, where the grass stays soft.",Old friend. You just met. Both are true.,Plays slow. The board somehow waits for it.,"packs of blanks, trades, the companion of the day"
oscar4,Oscar · Holo,Oscar,oscar,f5,Fifth Finding,4,,Holo,Holo,holo,3,Mythic,blu,Blue,8,500,500,perOwnColor,Rally,+2 for each of your Blue companions,chain,Chorus Line,+1 for each other companion in its row,"Under the hive stands, where the grass stays soft.",Old friend. You just met. Both are true.,Plays slow. The board somehow waits for it.,"packs of blanks, trades, the companion of the day"
oscar5,Oscar · Silver,Oscar,oscar,f5,Fifth Finding,4,,Full Silver,Silver,silver,3,Mythic,slv,Silver,9,500,500,mirror,Mirror,Copies the opposing companion's points,shield,Shield,Cannot lose points to opposing powers,"Under the hive stands, where the grass stays soft.",Old friend. You just met. Both are true.,Plays slow. The board somehow waits for it.,"packs of blanks, trades, the companion of the day"
oscar6,Oscar · Dark,Oscar,oscar,f5,Fifth Finding,4,,Dark Matter,Dark,dark,3,Mythic,blu,Blue,9,500,500,minusOppColor,Hex,-3 to each opponent Orange companion,bomb,Brick,-2 to the opposing companion and its row neighbours,"Under the hive stands, where the grass stays soft.",Old friend. You just met. Both are true.,Plays slow. The board somehow waits for it.,"packs of blanks, trades, the companion of the day"
oscar7,Oscar · Gold,Oscar,oscar,f5,Fifth Finding,4,,Full Gold,Gold,gold,4,Legendary,blu,Blue,13,1500,1500,last,Closer,+12 if played last,crown,Crown,+4 if nothing on your side has more points,"Under the hive stands, where the grass stays soft.",Old friend. You just met. Both are true.,Plays slow. The board somehow waits for it.,"packs of blanks, trades, the companion of the day"
oscar8,Oscar · Platinum,Oscar,oscar,f5,Fifth Finding,4,,Full Platinum,Platinum,platinum,4,Legendary,slv,Silver,13,1500,1500,plusAll,Anthem,+2 to each of your other companions,veto,Veto,Cancels the opposing companion's power,"Under the hive stands, where the grass stays soft.",Old friend. You just met. Both are true.,Plays slow. The board somehow waits for it.,"packs of blanks, trades, the companion of the day"
papa1,Papa,Papa,papa,f1,First Finding,4,,Classic,Classic,classic,0,Common,yel,Yellow,3,25,25,first,Opener,+2 if played first,,,,"Coming through the orchard rows, smelling of leaves.",Someone opening a window in a stuffy room.,Nudges every companion one socket toward the front.,"packs of blanks, trades, the companion of the day"
papa2,Papa · Vintage,Papa,papa,f1,First Finding,4,,Vintage,Vintage,reel,1,Uncommon,yel,Yellow,6,60,60,chain,Chorus Line,+1 for each other companion in its row,,,,"Coming through the orchard rows, smelling of leaves.",Someone opening a window in a stuffy room.,Nudges every companion one socket toward the front.,"packs of blanks, trades, the companion of the day"
papa3,Papa · Spotlight,Papa,papa,f1,First Finding,4,,Spotlight,Spotlight,stage,2,Rare,org,Orange,8,150,150,underdog,Underdog,+5 if the opposing companion has more points,,,,"Coming through the orchard rows, smelling of leaves.",Someone opening a window in a stuffy room.,Nudges every companion one socket toward the front.,"packs of blanks, trades, the companion of the day"
papa4,Papa · Holo,Papa,papa,f1,First Finding,4,,Holo,Holo,holo,3,Mythic,yel,Yellow,8,500,500,perOwnColor,Rally,+2 for each of your Yellow companions,chain,Chorus Line,+1 for each other companion in its row,"Coming through the orchard rows, smelling of leaves.",Someone opening a window in a stuffy room.,Nudges every companion one socket toward the front.,"packs of blanks, trades, the companion of the day"
papa5,Papa · Silver,Papa,papa,f1,First Finding,4,,Full Silver,Silver,silver,3,Mythic,slv,Silver,9,500,500,steal,Pickpocket,Takes 4 points from the opposing companion,shield,Shield,Cannot lose points to opposing powers,"Coming through the orchard rows, smelling of leaves.",Someone opening a window in a stuffy room.,Nudges every companion one socket toward the front.,"packs of blanks, trades, the companion of the day"
papa6,Papa · Dark,Papa,papa,f1,First Finding,4,,Dark Matter,Dark,dark,3,Mythic,yel,Yellow,9,500,500,minusOppColor,Hex,-3 to each opponent Blue companion,bomb,Brick,-2 to the opposing companion and its row neighbours,"Coming through the orchard rows, smelling of leaves.",Someone opening a window in a stuffy room.,Nudges every companion one socket toward the front.,"packs of blanks, trades, the companion of the day"
papa7,Papa · Gold,Papa,papa,f1,First Finding,4,,Full Gold,Gold,gold,4,Legendary,yel,Yellow,13,1500,1500,chain,Chorus Line,+2 for each other companion in its row,crown,Crown,+4 if nothing on your side has more points,"Coming through the orchard rows, smelling of leaves.",Someone opening a window in a stuffy room.,Nudges every companion one socket toward the front.,"packs of blanks, trades, the companion of the day"
papa8,Papa · Platinum,Papa,papa,f1,First Finding,4,,Full Platinum,Platinum,platinum,4,Legendary,slv,Silver,13,1500,1500,plusAll,Anthem,+2 to each of your other companions,veto,Veto,Cancels the opposing companion's power,"Coming through the orchard rows, smelling of leaves.",Someone opening a window in a stuffy room.,Nudges every companion one socket toward the front.,"packs of blanks, trades, the companion of the day"
quebec1,Quebec,Quebec,quebec,f1,First Finding,5,,Classic,Classic,classic,0,Common,org,Orange,4,25,25,crown,Crown,+3 if nothing on your side has more points,,,,"The bell tower, hanging by too many feet.","A word said plainly, and meant.",Rings once when it takes a front socket.,"packs of blanks, trades, the companion of the day"
quebec2,Quebec · Vintage,Quebec,quebec,f1,First Finding,5,,Vintage,Vintage,reel,1,Uncommon,org,Orange,6,60,60,bomb,Brick,-2 to the opposing companion and its row neighbours,,,,"The bell tower, hanging by too many feet.","A word said plainly, and meant.",Rings once when it takes a front socket.,"packs of blanks, trades, the companion of the day"
quebec3,Quebec · Spotlight,Quebec,quebec,f1,First Finding,5,,Spotlight,Spotlight,stage,2,Rare,red,Red,9,150,150,veto,Veto,Cancels the opposing companion's power,,,,"The bell tower, hanging by too many feet.","A word said plainly, and meant.",Rings once when it takes a front socket.,"packs of blanks, trades, the companion of the day"
quebec4,Quebec · Holo,Quebec,quebec,f1,First Finding,5,,Holo,Holo,holo,3,Mythic,org,Orange,9,500,500,perOwnColor,Rally,+2 for each of your Orange companions,chain,Chorus Line,+1 for each other companion in its row,"The bell tower, hanging by too many feet.","A word said plainly, and meant.",Rings once when it takes a front socket.,"packs of blanks, trades, the companion of the day"
quebec5,Quebec · Silver,Quebec,quebec,f1,First Finding,5,,Full Silver,Silver,silver,3,Mythic,slv,Silver,10,500,500,steal,Pickpocket,Takes 4 points from the opposing companion,shield,Shield,Cannot lose points to opposing powers,"The bell tower, hanging by too many feet.","A word said plainly, and meant.",Rings once when it takes a front socket.,"packs of blanks, trades, the companion of the day"
quebec6,Quebec · Dark,Quebec,quebec,f1,First Finding,5,,Dark Matter,Dark,dark,3,Mythic,org,Orange,10,500,500,minusOppColor,Hex,-3 to each opponent Blue companion,bomb,Brick,-2 to the opposing companion and its row neighbours,"The bell tower, hanging by too many feet.","A word said plainly, and meant.",Rings once when it takes a front socket.,"packs of blanks, trades, the companion of the day"
quebec7,Quebec · Gold,Quebec,quebec,f1,First Finding,5,,Full Gold,Gold,gold,4,Legendary,org,Orange,13,1500,1500,crown,Crown,+6 if nothing on your side has more points,crown,Crown,+4 if nothing on your side has more points,"The bell tower, hanging by too many feet.","A word said plainly, and meant.",Rings once when it takes a front socket.,"packs of blanks, trades, the companion of the day"
quebec8,Quebec · Platinum,Quebec,quebec,f1,First Finding,5,,Full Platinum,Platinum,platinum,4,Legendary,slv,Silver,13,1500,1500,plusAll,Anthem,+2 to each of your other companions,veto,Veto,Cancels the opposing companion's power,"The bell tower, hanging by too many feet.","A word said plainly, and meant.",Rings once when it takes a front socket.,"packs of blanks, trades, the companion of the day"
romeo1,Romeo,Romeo,romeo,f6,Sixth Finding,5,,Classic,Classic,classic,0,Common,slv,Silver,3,25,25,lonely,Loner,+3 if no companions are next to it,,,,"The steps below the radio tower, listening.",Being heard without raising your voice.,"Copies whoever plays beside it, half a turn late.","packs of blanks, trades, the companion of the day"
romeo2,Romeo · Vintage,Romeo,romeo,f6,Sixth Finding,5,,Vintage,Vintage,reel,1,Uncommon,slv,Silver,6,60,60,shield,Shield,Cannot lose points to opposing powers,,,,"The steps below the radio tower, listening.",Being heard without raising your voice.,"Copies whoever plays beside it, half a turn late.","packs of blanks, trades, the companion of the day"
romeo3,Romeo · Spotlight,Romeo,romeo,f6,Sixth Finding,5,,Spotlight,Spotlight,stage,2,Rare,blu,Blue,9,150,150,underdog,Underdog,+6 if the opposing companion has more points,,,,"The steps below the radio tower, listening.",Being heard without raising your voice.,"Copies whoever plays beside it, half a turn late.","packs of blanks, trades, the companion of the day"
romeo4,Romeo · Holo,Romeo,romeo,f6,Sixth Finding,5,,Holo,Holo,holo,3,Mythic,slv,Silver,9,500,500,perOwnColor,Rally,+2 for each of your Silver companions,chain,Chorus Line,+1 for each other companion in its row,"The steps below the radio tower, listening.",Being heard without raising your voice.,"Copies whoever plays beside it, half a turn late.","packs of blanks, trades, the companion of the day"
romeo5,Romeo · Silver,Romeo,romeo,f6,Sixth Finding,5,,Full Silver,Silver,silver,3,Mythic,slv,Silver,10,500,500,mirror,Mirror,Copies the opposing companion's points,shield,Shield,Cannot lose points to opposing powers,"The steps below the radio tower, listening.",Being heard without raising your voice.,"Copies whoever plays beside it, half a turn late.","packs of blanks, trades, the companion of the day"
romeo6,Romeo · Dark,Romeo,romeo,f6,Sixth Finding,5,,Dark Matter,Dark,dark,3,Mythic,slv,Silver,10,500,500,minusOppColor,Hex,-3 to each opponent Purple companion,bomb,Brick,-2 to the opposing companion and its row neighbours,"The steps below the radio tower, listening.",Being heard without raising your voice.,"Copies whoever plays beside it, half a turn late.","packs of blanks, trades, the companion of the day"
romeo7,Romeo · Gold,Romeo,romeo,f6,Sixth Finding,5,,Full Gold,Gold,gold,4,Legendary,slv,Silver,13,1500,1500,minusOppColor,Hex,-3 to each opponent Red companion,crown,Crown,+4 if nothing on your side has more points,"The steps below the radio tower, listening.",Being heard without raising your voice.,"Copies whoever plays beside it, half a turn late.","packs of blanks, trades, the companion of the day"
romeo8,Romeo · Platinum,Romeo,romeo,f6,Sixth Finding,5,,Full Platinum,Platinum,platinum,4,Legendary,slv,Silver,13,1500,1500,plusAll,Anthem,+2 to each of your other companions,veto,Veto,Cancels the opposing companion's power,"The steps below the radio tower, listening.",Being heard without raising your voice.,"Copies whoever plays beside it, half a turn late.","packs of blanks, trades, the companion of the day"
sierra1,Sierra,Sierra,sierra,f6,Sixth Finding,,yes,Classic,Classic,classic,0,Common,red,Red,5,25,25,opp,Jab,-3 to the opposing companion,,,,"Rolling along any road, going the way you go.",Company on a walk you meant to take alone.,Swaps front to back every turn. Never explains.,"packs of blanks, trades, the companion of the day"
sierra2,Sierra · Vintage,Sierra,sierra,f6,Sixth Finding,,yes,Vintage,Vintage,reel,1,Uncommon,red,Red,8,60,60,bomb,Brick,-2 to the opposing companion and its row neighbours,,,,"Rolling along any road, going the way you go.",Company on a walk you meant to take alone.,Swaps front to back every turn. Never explains.,"packs of blanks, trades, the companion of the day"
sierra3,Sierra · Spotlight,Sierra,sierra,f6,Sixth Finding,,yes,Spotlight,Spotlight,stage,2,Rare,red,Red,10,150,150,veto,Veto,Cancels the opposing companion's power,,,,"Rolling along any road, going the way you go.",Company on a walk you meant to take alone.,Swaps front to back every turn. Never explains.,"packs of blanks, trades, the companion of the day"
sierra4,Sierra · Holo,Sierra,sierra,f6,Sixth Finding,,yes,Holo,Holo,holo,3,Mythic,red,Red,12,500,500,perOwnColor,Rally,+2 for each of your Red companions,chain,Chorus Line,+1 for each other companion in its row,"Rolling along any road, going the way you go.",Company on a walk you meant to take alone.,Swaps front to back every turn. Never explains.,"packs of blanks, trades, the companion of the day"
sierra5,Sierra · Silver,Sierra,sierra,f6,Sixth Finding,,yes,Full Silver,Silver,silver,3,Mythic,slv,Silver,13,500,500,steal,Pickpocket,Takes 4 points from the opposing companion,shield,Shield,Cannot lose points to opposing powers,"Rolling along any road, going the way you go.",Company on a walk you meant to take alone.,Swaps front to back every turn. Never explains.,"packs of blanks, trades, the companion of the day"
sierra6,Sierra · Dark,Sierra,sierra,f6,Sixth Finding,,yes,Dark Matter,Dark,dark,3,Mythic,red,Red,13,500,500,minusOppColor,Hex,-3 to each opponent Green companion,bomb,Brick,-2 to the opposing companion and its row neighbours,"Rolling along any road, going the way you go.",Company on a walk you meant to take alone.,Swaps front to back every turn. Never explains.,"packs of blanks, trades, the companion of the day"
sierra7,Sierra · Gold,Sierra,sierra,f6,Sixth Finding,,yes,Full Gold,Gold,gold,4,Legendary,red,Red,16,1500,1500,bomb,Brick,-4 to the opposing companion and its row neighbours,crown,Crown,+4 if nothing on your side has more points,"Rolling along any road, going the way you go.",Company on a walk you meant to take alone.,Swaps front to back every turn. Never explains.,"packs of blanks, trades, the companion of the day"
sierra8,Sierra · Platinum,Sierra,sierra,f6,Sixth Finding,,yes,Full Platinum,Platinum,platinum,4,Legendary,slv,Silver,15,1500,1500,plusAll,Anthem,+2 to each of your other companions,veto,Veto,Cancels the opposing companion's power,"Rolling along any road, going the way you go.",Company on a walk you meant to take alone.,Swaps front to back every turn. Never explains.,"packs of blanks, trades, the companion of the day"
tango1,Tango,Tango,tango,f6,Sixth Finding,5,,Classic,Classic,classic,0,Common,yel,Yellow,3,25,25,plusOwnColor,Boost,+1 to each of your other Yellow companions,,,,"Between the radio towers, in the soft static.",The quiet after a bell stops.,Goes silent in daylight. Loud in a night socket.,"packs of blanks, trades, the companion of the day"
tango2,Tango · Vintage,Tango,tango,f6,Sixth Finding,5,,Vintage,Vintage,reel,1,Uncommon,yel,Yellow,6,60,60,back,Backstage,+4 when played in the back row,,,,"Between the radio towers, in the soft static.",The quiet after a bell stops.,Goes silent in daylight. Loud in a night socket.,"packs of blanks, trades, the companion of the day"
tango3,Tango · Spotlight,Tango,tango,f6,Sixth Finding,5,,Spotlight,Spotlight,stage,2,Rare,yel,Yellow,8,150,150,perOwnColor,Rally,+2 for each of your Yellow companions,,,,"Between the radio towers, in the soft static.",The quiet after a bell stops.,Goes silent in daylight. Loud in a night socket.,"packs of blanks, trades, the companion of the day"
tango4,Tango · Holo,Tango,tango,f6,Sixth Finding,5,,Holo,Holo,holo,3,Mythic,yel,Yellow,8,500,500,perOwnColor,Rally,+2 for each of your Yellow companions,chain,Chorus Line,+1 for each other companion in its row,"Between the radio towers, in the soft static.",The quiet after a bell stops.,Goes silent in daylight. Loud in a night socket.,"packs of blanks, trades, the companion of the day"
tango5,Tango · Silver,Tango,tango,f6,Sixth Finding,5,,Full Silver,Silver,silver,3,Mythic,slv,Silver,9,500,500,mirror,Mirror,Copies the opposing companion's points,shield,Shield,Cannot lose points to opposing powers,"Between the radio towers, in the soft static.",The quiet after a bell stops.,Goes silent in daylight. Loud in a night socket.,"packs of blanks, trades, the companion of the day"
tango6,Tango · Dark,Tango,tango,f6,Sixth Finding,5,,Dark Matter,Dark,dark,3,Mythic,yel,Yellow,9,500,500,minusOppColor,Hex,-3 to each opponent Blue companion,bomb,Brick,-2 to the opposing companion and its row neighbours,"Between the radio towers, in the soft static.",The quiet after a bell stops.,Goes silent in daylight. Loud in a night socket.,"packs of blanks, trades, the companion of the day"
tango7,Tango · Gold,Tango,tango,f6,Sixth Finding,5,,Full Gold,Gold,gold,4,Legendary,yel,Yellow,13,1500,1500,plusAll,Anthem,+1 to each of your other companions,crown,Crown,+4 if nothing on your side has more points,"Between the radio towers, in the soft static.",The quiet after a bell stops.,Goes silent in daylight. Loud in a night socket.,"packs of blanks, trades, the companion of the day"
tango8,Tango · Platinum,Tango,tango,f6,Sixth Finding,5,,Full Platinum,Platinum,platinum,4,Legendary,slv,Silver,13,1500,1500,plusAll,Anthem,+2 to each of your other companions,veto,Veto,Cancels the opposing companion's power,"Between the radio towers, in the soft static.",The quiet after a bell stops.,Goes silent in daylight. Loud in a night socket.,"packs of blanks, trades, the companion of the day"
uniform1,Uniform,Uniform,uniform,f6,Sixth Finding,6,,Classic,Classic,classic,0,Common,org,Orange,3,25,25,chain,Chorus Line,+1 for each other companion in its row,,,,"The telescope dome, curled where the lens cap goes.","Being seen properly, all at once.",Sees the back row. Tells the front row.,"packs of blanks, trades, the companion of the day"
uniform2,Uniform · Vintage,Uniform,uniform,f6,Sixth Finding,6,,Vintage,Vintage,reel,1,Uncommon,org,Orange,6,60,60,front,Spotlight,+3 when played in the front row,,,,"The telescope dome, curled where the lens cap goes.","Being seen properly, all at once.",Sees the back row. Tells the front row.,"packs of blanks, trades, the companion of the day"
uniform3,Uniform · Spotlight,Uniform,uniform,f6,Sixth Finding,6,,Spotlight,Spotlight,stage,2,Rare,blu,Blue,8,150,150,crown,Crown,+4 if nothing on your side has more points,,,,"The telescope dome, curled where the lens cap goes.","Being seen properly, all at once.",Sees the back row. Tells the front row.,"packs of blanks, trades, the companion of the day"
uniform4,Uniform · Holo,Uniform,uniform,f6,Sixth Finding,6,,Holo,Holo,holo,3,Mythic,org,Orange,8,500,500,perOwnColor,Rally,+2 for each of your Orange companions,chain,Chorus Line,+1 for each other companion in its row,"The telescope dome, curled where the lens cap goes.","Being seen properly, all at once.",Sees the back row. Tells the front row.,"packs of blanks, trades, the companion of the day"
uniform5,Uniform · Silver,Uniform,uniform,f6,Sixth Finding,6,,Full Silver,Silver,silver,3,Mythic,slv,Silver,9,500,500,mirror,Mirror,Copies the opposing companion's points,shield,Shield,Cannot lose points to opposing powers,"The telescope dome, curled where the lens cap goes.","Being seen properly, all at once.",Sees the back row. Tells the front row.,"packs of blanks, trades, the companion of the day"
uniform6,Uniform · Dark,Uniform,uniform,f6,Sixth Finding,6,,Dark Matter,Dark,dark,3,Mythic,org,Orange,9,500,500,minusOppColor,Hex,-3 to each opponent Blue companion,bomb,Brick,-2 to the opposing companion and its row neighbours,"The telescope dome, curled where the lens cap goes.","Being seen properly, all at once.",Sees the back row. Tells the front row.,"packs of blanks, trades, the companion of the day"
uniform7,Uniform · Gold,Uniform,uniform,f6,Sixth Finding,6,,Full Gold,Gold,gold,4,Legendary,org,Orange,13,1500,1500,chain,Chorus Line,+2 for each other companion in its row,crown,Crown,+4 if nothing on your side has more points,"The telescope dome, curled where the lens cap goes.","Being seen properly, all at once.",Sees the back row. Tells the front row.,"packs of blanks, trades, the companion of the day"
uniform8,Uniform · Platinum,Uniform,uniform,f6,Sixth Finding,6,,Full Platinum,Platinum,platinum,4,Legendary,slv,Silver,13,1500,1500,plusAll,Anthem,+2 to each of your other companions,veto,Veto,Cancels the opposing companion's power,"The telescope dome, curled where the lens cap goes.","Being seen properly, all at once.",Sees the back row. Tells the front row.,"packs of blanks, trades, the companion of the day"
victor1,Victor,Victor,victor,f6,Sixth Finding,6,,Classic,Classic,classic,0,Common,red,Red,4,25,25,x2,Buddy,x2 to Juliett,,,,"The hill path, cold, where the stars come lowest.",Frost on a clear morning. Bright and brief.,Only ever takes a night socket. Shines there.,"packs of blanks, trades, the companion of the day"
victor2,Victor · Vintage,Victor,victor,f6,Sixth Finding,6,,Vintage,Vintage,reel,1,Uncommon,red,Red,7,60,60,plusOwnColor,Boost,+2 to each of your other Red companions,,,,"The hill path, cold, where the stars come lowest.",Frost on a clear morning. Bright and brief.,Only ever takes a night socket. Shines there.,"packs of blanks, trades, the companion of the day"
victor3,Victor · Spotlight,Victor,victor,f6,Sixth Finding,6,,Spotlight,Spotlight,stage,2,Rare,prp,Purple,9,150,150,shield,Shield,Cannot lose points to opposing powers,,,,"The hill path, cold, where the stars come lowest.",Frost on a clear morning. Bright and brief.,Only ever takes a night socket. Shines there.,"packs of blanks, trades, the companion of the day"
victor4,Victor · Holo,Victor,victor,f6,Sixth Finding,6,,Holo,Holo,holo,3,Mythic,red,Red,9,500,500,perOwnColor,Rally,+2 for each of your Red companions,chain,Chorus Line,+1 for each other companion in its row,"The hill path, cold, where the stars come lowest.",Frost on a clear morning. Bright and brief.,Only ever takes a night socket. Shines there.,"packs of blanks, trades, the companion of the day"
victor5,Victor · Silver,Victor,victor,f6,Sixth Finding,6,,Full Silver,Silver,silver,3,Mythic,slv,Silver,10,500,500,steal,Pickpocket,Takes 4 points from the opposing companion,shield,Shield,Cannot lose points to opposing powers,"The hill path, cold, where the stars come lowest.",Frost on a clear morning. Bright and brief.,Only ever takes a night socket. Shines there.,"packs of blanks, trades, the companion of the day"
victor6,Victor · Dark,Victor,victor,f6,Sixth Finding,6,,Dark Matter,Dark,dark,3,Mythic,red,Red,10,500,500,minusOppColor,Hex,-3 to each opponent Green companion,bomb,Brick,-2 to the opposing companion and its row neighbours,"The hill path, cold, where the stars come lowest.",Frost on a clear morning. Bright and brief.,Only ever takes a night socket. Shines there.,"packs of blanks, trades, the companion of the day"
victor7,Victor · Gold,Victor,victor,f6,Sixth Finding,6,,Full Gold,Gold,gold,4,Legendary,red,Red,13,1500,1500,plusAll,Anthem,+2 to each of your other companions,crown,Crown,+4 if nothing on your side has more points,"The hill path, cold, where the stars come lowest.",Frost on a clear morning. Bright and brief.,Only ever takes a night socket. Shines there.,"packs of blanks, trades, the companion of the day"
victor8,Victor · Platinum,Victor,victor,f6,Sixth Finding,6,,Full Platinum,Platinum,platinum,4,Legendary,slv,Silver,13,1500,1500,plusAll,Anthem,+2 to each of your other companions,veto,Veto,Cancels the opposing companion's power,"The hill path, cold, where the stars come lowest.",Frost on a clear morning. Bright and brief.,Only ever takes a night socket. Shines there.,"packs of blanks, trades, the companion of the day"
whiskey1,Whiskey,Whiskey,whiskey,f5,Fifth Finding,6,,Classic,Classic,classic,0,Common,grn,Green,4,25,25,x2,Buddy,x2 to Xray,,,,Above the hill town on nights with no cloud.,"Seeing the whole sky and feeling small, kindly.",Turns the socket beside it from daylight to night.,"packs of blanks, trades, the companion of the day"
whiskey2,Whiskey · Vintage,Whiskey,whiskey,f5,Fifth Finding,6,,Vintage,Vintage,reel,1,Uncommon,grn,Green,7,60,60,late,Encore,+4 if played in the last three turns,,,,Above the hill town on nights with no cloud.,"Seeing the whole sky and feeling small, kindly.",Turns the socket beside it from daylight to night.,"packs of blanks, trades, the companion of the day"
whiskey3,Whiskey · Spotlight,Whiskey,whiskey,f5,Fifth Finding,6,,Spotlight,Spotlight,stage,2,Rare,grn,Green,9,150,150,underdog,Underdog,+6 if the opposing companion has more points,,,,Above the hill town on nights with no cloud.,"Seeing the whole sky and feeling small, kindly.",Turns the socket beside it from daylight to night.,"packs of blanks, trades, the companion of the day"
whiskey4,Whiskey · Holo,Whiskey,whiskey,f5,Fifth Finding,6,,Holo,Holo,holo,3,Mythic,grn,Green,9,500,500,perOwnColor,Rally,+2 for each of your Green companions,chain,Chorus Line,+1 for each other companion in its row,Above the hill town on nights with no cloud.,"Seeing the whole sky and feeling small, kindly.",Turns the socket beside it from daylight to night.,"packs of blanks, trades, the companion of the day"
whiskey5,Whiskey · Silver,Whiskey,whiskey,f5,Fifth Finding,6,,Full Silver,Silver,silver,3,Mythic,slv,Silver,10,500,500,mirror,Mirror,Copies the opposing companion's points,shield,Shield,Cannot lose points to opposing powers,Above the hill town on nights with no cloud.,"Seeing the whole sky and feeling small, kindly.",Turns the socket beside it from daylight to night.,"packs of blanks, trades, the companion of the day"
whiskey6,Whiskey · Dark,Whiskey,whiskey,f5,Fifth Finding,6,,Dark Matter,Dark,dark,3,Mythic,grn,Green,10,500,500,minusOppColor,Hex,-3 to each opponent Red companion,bomb,Brick,-2 to the opposing companion and its row neighbours,Above the hill town on nights with no cloud.,"Seeing the whole sky and feeling small, kindly.",Turns the socket beside it from daylight to night.,"packs of blanks, trades, the companion of the day"
whiskey7,Whiskey · Gold,Whiskey,whiskey,f5,Fifth Finding,6,,Full Gold,Gold,gold,4,Legendary,grn,Green,13,1500,1500,plusOwnColor,Boost,+3 to each of your other Green companions,crown,Crown,+4 if nothing on your side has more points,Above the hill town on nights with no cloud.,"Seeing the whole sky and feeling small, kindly.",Turns the socket beside it from daylight to night.,"packs of blanks, trades, the companion of the day"
whiskey8,Whiskey · Platinum,Whiskey,whiskey,f5,Fifth Finding,6,,Full Platinum,Platinum,platinum,4,Legendary,slv,Silver,13,1500,1500,plusAll,Anthem,+2 to each of your other companions,veto,Veto,Cancels the opposing companion's power,Above the hill town on nights with no cloud.,"Seeing the whole sky and feeling small, kindly.",Turns the socket beside it from daylight to night.,"packs of blanks, trades, the companion of the day"
xray1,Xray,Xray,xray,f5,Fifth Finding,7,,Classic,Classic,classic,0,Common,grn,Green,2,25,25,x2,Buddy,x2 to Whiskey,,,,"Above the weather, on the last steps up.","Everything you brought, all at once, held gently.",Takes whichever socket is empty. Fills it completely.,"packs of blanks, trades, the companion of the day"
xray2,Xray · Vintage,Xray,xray,f5,Fifth Finding,7,,Vintage,Vintage,reel,1,Uncommon,yel,Yellow,5,60,60,lonely,Loner,+4 if no companions are next to it,,,,"Above the weather, on the last steps up.","Everything you brought, all at once, held gently.",Takes whichever socket is empty. Fills it completely.,"packs of blanks, trades, the companion of the day"
xray3,Xray · Spotlight,Xray,xray,f5,Fifth Finding,7,,Spotlight,Spotlight,stage,2,Rare,grn,Green,7,150,150,first,Opener,+5 if played first,,,,"Above the weather, on the last steps up.","Everything you brought, all at once, held gently.",Takes whichever socket is empty. Fills it completely.,"packs of blanks, trades, the companion of the day"
xray4,Xray · Holo,Xray,xray,f5,Fifth Finding,7,,Holo,Holo,holo,3,Mythic,grn,Green,8,500,500,perOwnColor,Rally,+2 for each of your Green companions,chain,Chorus Line,+1 for each other companion in its row,"Above the weather, on the last steps up.","Everything you brought, all at once, held gently.",Takes whichever socket is empty. Fills it completely.,"packs of blanks, trades, the companion of the day"
xray5,Xray · Silver,Xray,xray,f5,Fifth Finding,7,,Full Silver,Silver,silver,3,Mythic,slv,Silver,9,500,500,steal,Pickpocket,Takes 4 points from the opposing companion,shield,Shield,Cannot lose points to opposing powers,"Above the weather, on the last steps up.","Everything you brought, all at once, held gently.",Takes whichever socket is empty. Fills it completely.,"packs of blanks, trades, the companion of the day"
xray6,Xray · Dark,Xray,xray,f5,Fifth Finding,7,,Dark Matter,Dark,dark,3,Mythic,grn,Green,9,500,500,minusOppColor,Hex,-3 to each opponent Red companion,bomb,Brick,-2 to the opposing companion and its row neighbours,"Above the weather, on the last steps up.","Everything you brought, all at once, held gently.",Takes whichever socket is empty. Fills it completely.,"packs of blanks, trades, the companion of the day"
xray7,Xray · Gold,Xray,xray,f5,Fifth Finding,7,,Full Gold,Gold,gold,4,Legendary,grn,Green,13,1500,1500,late,Encore,+6 if played in the last three turns,crown,Crown,+4 if nothing on your side has more points,"Above the weather, on the last steps up.","Everything you brought, all at once, held gently.",Takes whichever socket is empty. Fills it completely.,"packs of blanks, trades, the companion of the day"
xray8,Xray · Platinum,Xray,xray,f5,Fifth Finding,7,,Full Platinum,Platinum,platinum,4,Legendary,slv,Silver,13,1500,1500,plusAll,Anthem,+2 to each of your other companions,veto,Veto,Cancels the opposing companion's power,"Above the weather, on the last steps up.","Everything you brought, all at once, held gently.",Takes whichever socket is empty. Fills it completely.,"packs of blanks, trades, the companion of the day"
yankee1,Yankee,Yankee,yankee,f5,Fifth Finding,7,,Classic,Classic,classic,0,Common,org,Orange,3,25,25,underdog,Underdog,+3 if the opposing companion has more points,,,,"The top of the highest building, catching wind.",Standing still and finally feeling it.,Holds up the whole front row on its own.,"packs of blanks, trades, the companion of the day"
yankee2,Yankee · Vintage,Yankee,yankee,f5,Fifth Finding,7,,Vintage,Vintage,reel,1,Uncommon,org,Orange,5,60,60,steal,Pickpocket,Takes 2 points from the opposing companion,,,,"The top of the highest building, catching wind.",Standing still and finally feeling it.,Holds up the whole front row on its own.,"packs of blanks, trades, the companion of the day"
yankee3,Yankee · Spotlight,Yankee,yankee,f5,Fifth Finding,7,,Spotlight,Spotlight,stage,2,Rare,org,Orange,8,150,150,lonely,Loner,+5 if no companions are next to it,,,,"The top of the highest building, catching wind.",Standing still and finally feeling it.,Holds up the whole front row on its own.,"packs of blanks, trades, the companion of the day"
yankee4,Yankee · Holo,Yankee,yankee,f5,Fifth Finding,7,,Holo,Holo,holo,3,Mythic,org,Orange,8,500,500,perOwnColor,Rally,+2 for each of your Orange companions,chain,Chorus Line,+1 for each other companion in its row,"The top of the highest building, catching wind.",Standing still and finally feeling it.,Holds up the whole front row on its own.,"packs of blanks, trades, the companion of the day"
yankee5,Yankee · Silver,Yankee,yankee,f5,Fifth Finding,7,,Full Silver,Silver,silver,3,Mythic,slv,Silver,9,500,500,steal,Pickpocket,Takes 4 points from the opposing companion,shield,Shield,Cannot lose points to opposing powers,"The top of the highest building, catching wind.",Standing still and finally feeling it.,Holds up the whole front row on its own.,"packs of blanks, trades, the companion of the day"
yankee6,Yankee · Dark,Yankee,yankee,f5,Fifth Finding,7,,Dark Matter,Dark,dark,3,Mythic,org,Orange,9,500,500,minusOppColor,Hex,-3 to each opponent Blue companion,bomb,Brick,-2 to the opposing companion and its row neighbours,"The top of the highest building, catching wind.",Standing still and finally feeling it.,Holds up the whole front row on its own.,"packs of blanks, trades, the companion of the day"
yankee7,Yankee · Gold,Yankee,yankee,f5,Fifth Finding,7,,Full Gold,Gold,gold,4,Legendary,org,Orange,13,1500,1500,underdog,Underdog,+8 if the opposing companion has more points,crown,Crown,+4 if nothing on your side has more points,"The top of the highest building, catching wind.",Standing still and finally feeling it.,Holds up the whole front row on its own.,"packs of blanks, trades, the companion of the day"
yankee8,Yankee · Platinum,Yankee,yankee,f5,Fifth Finding,7,,Full Platinum,Platinum,platinum,4,Legendary,slv,Silver,13,1500,1500,plusAll,Anthem,+2 to each of your other companions,veto,Veto,Cancels the opposing companion's power,"The top of the highest building, catching wind.",Standing still and finally feeling it.,Holds up the whole front row on its own.,"packs of blanks, trades, the companion of the day"
zulu1,Zulu,Zulu,zulu,f5,Fifth Finding,7,,Classic,Classic,classic,0,Common,red,Red,3,25,25,bomb,Brick,-1 to the opposing companion and its row neighbours,,,,Where the weather stops and the light turns white.,Arriving. Being the one who arrived.,Counts as daylight and night. Both at once.,"packs of blanks, trades, the companion of the day"
zulu2,Zulu · Vintage,Zulu,zulu,f5,Fifth Finding,7,,Vintage,Vintage,reel,1,Uncommon,red,Red,6,60,60,opp,Jab,-3 to the opposing companion,,,,Where the weather stops and the light turns white.,Arriving. Being the one who arrived.,Counts as daylight and night. Both at once.,"packs of blanks, trades, the companion of the day"
zulu3,Zulu · Spotlight,Zulu,zulu,f5,Fifth Finding,7,,Spotlight,Spotlight,stage,2,Rare,yel,Yellow,9,150,150,chain,Chorus Line,+2 for each other companion in its row,,,,Where the weather stops and the light turns white.,Arriving. Being the one who arrived.,Counts as daylight and night. Both at once.,"packs of blanks, trades, the companion of the day"
zulu4,Zulu · Holo,Zulu,zulu,f5,Fifth Finding,7,,Holo,Holo,holo,3,Mythic,red,Red,8,500,500,perOwnColor,Rally,+2 for each of your Red companions,chain,Chorus Line,+1 for each other companion in its row,Where the weather stops and the light turns white.,Arriving. Being the one who arrived.,Counts as daylight and night. Both at once.,"packs of blanks, trades, the companion of the day"
zulu5,Zulu · Silver,Zulu,zulu,f5,Fifth Finding,7,,Full Silver,Silver,silver,3,Mythic,slv,Silver,9,500,500,steal,Pickpocket,Takes 4 points from the opposing companion,shield,Shield,Cannot lose points to opposing powers,Where the weather stops and the light turns white.,Arriving. Being the one who arrived.,Counts as daylight and night. Both at once.,"packs of blanks, trades, the companion of the day"
zulu6,Zulu · Dark,Zulu,zulu,f5,Fifth Finding,7,,Dark Matter,Dark,dark,3,Mythic,red,Red,9,500,500,minusOppColor,Hex,-3 to each opponent Green companion,bomb,Brick,-2 to the opposing companion and its row neighbours,Where the weather stops and the light turns white.,Arriving. Being the one who arrived.,Counts as daylight and night. Both at once.,"packs of blanks, trades, the companion of the day"
zulu7,Zulu · Gold,Zulu,zulu,f5,Fifth Finding,7,,Full Gold,Gold,gold,4,Legendary,red,Red,13,1500,1500,bomb,Brick,-3 to the opposing companion and its row neighbours,crown,Crown,+4 if nothing on your side has more points,Where the weather stops and the light turns white.,Arriving. Being the one who arrived.,Counts as daylight and night. Both at once.,"packs of blanks, trades, the companion of the day"
zulu8,Zulu · Platinum,Zulu,zulu,f5,Fifth Finding,7,,Full Platinum,Platinum,platinum,4,Legendary,slv,Silver,13,1500,1500,plusAll,Anthem,+2 to each of your other companions,veto,Veto,Cancels the opposing companion's power,Where the weather stops and the light turns white.,Arriving. Being the one who arrived.,Counts as daylight and night. Both at once.,"packs of blanks, trades, the companion of the day"
pz01,Award · The First Day,Award · The First Day,rookie,award,Awards,,,Award,Award,holo,5,Award,slv,Silver,7,750,0,first,Opener,+5 if played first,,,,,,,earned on the road
pz02,Award · Seven Days,Award · Seven Days,comet,award,Awards,,,Award,Award,holo,5,Award,org,Orange,11,750,0,front,Spotlight,+5 when played in the front row,,,,,,,earned on the road
pz03,Award · The Collector,Award · The Collector,crown,award,Awards,,,Award,Award,holo,5,Award,yel,Yellow,11,750,0,perOwnColor,Rally,+3 for each of your Silver companions,,,,,,,earned on the road
pz04,Award · The Trader,Award · The Trader,titan,award,Awards,,,Award,Award,holo,5,Award,slv,Silver,12,750,0,plusOwnColor,Boost,+2 to each of your other Silver companions,,,,,,,earned on the road
pz05,Award · The Player,Award · The Player,badge,award,Awards,,,Award,Award,holo,5,Award,red,Red,12,750,0,opp,Jab,-7 to the opposing companion,,,,,,,earned on the road
pz06,Award · The Champion,Award · The Champion,champ,award,Awards,,,Award,Award,holo,5,Award,slv,Silver,16,750,0,plusAll,Anthem,+2 to each of your other companions,,,,,,,earned on the road
one1,Whole fragment of The Hearth,Whole fragment of The Hearth,one,whole,Whole Fragments,1,,Whole fragment,Whole,gold,4,Legendary,slv,Silver,12,1500,1500,mirror,Mirror,Copies the opposing companion's points,shield,Shield,Cannot lose points to opposing powers,,,,held by a Keeper (one of one)
one2,Whole fragment of The Tide,Whole fragment of The Tide,one,whole,Whole Fragments,2,,Whole fragment,Whole,gold,4,Legendary,blu,Blue,14,1500,1500,opp,Jab,-6 to the opposing companion,crown,Crown,+4 if nothing on your side has more points,,,,held by a Keeper (one of one)
one3,Whole fragment of The Forge,Whole fragment of The Forge,one,whole,Whole Fragments,3,,Whole fragment,Whole,gold,4,Legendary,org,Orange,12,1500,1500,bomb,Brick,-3 to the opposing companion and its row neighbours,late,Encore,+5 if played in the last three turns,,,,held by a Keeper (one of one)
one4,Whole fragment of The Grove,Whole fragment of The Grove,one,whole,Whole Fragments,4,,Whole fragment,Whole,gold,4,Legendary,blu,Blue,13,1500,1500,last,Closer,+9 if played last,veto,Veto,Cancels the opposing companion's power,,,,held by a Keeper (one of one)
one5,Whole fragment of The Choir,Whole fragment of The Choir,one,whole,Whole Fragments,5,,Whole fragment,Whole,gold,4,Legendary,prp,Purple,14,1500,1500,plusOwnColor,Boost,+3 to each of your other Purple companions,chain,Chorus Line,+2 for each other companion in its row,,,,held by a Keeper (one of one)
one6,Whole fragment of The Observatory,Whole fragment of The Observatory,one,whole,Whole Fragments,6,,Whole fragment,Whole,gold,4,Legendary,grn,Green,13,1500,1500,chain,Chorus Line,+2 for each other companion in its row,underdog,Underdog,+8 if the opposing companion has more points,,,,held by a Keeper (one of one)
one7,Whole fragment of The Summit,Whole fragment of The Summit,one,whole,Whole Fragments,7,,Whole fragment,Whole,gold,4,Legendary,slv,Silver,16,1500,1500,plusAll,Anthem,+2 to each of your other companions,crown,Crown,+6 if nothing on your side has more points,,,,held by a Keeper (one of one)
one8,Whole fragment of the road,Whole fragment of the road,one,whole,Whole Fragments,,,Whole fragment,Whole,gold,4,Legendary,yel,Yellow,16,1500,1500,plusAll,Anthem,+3 to each of your other companions,veto,Veto,Cancels the opposing companion's power,,,,held by a Keeper (one of one)
