id,name,star,character_key,series_key,series,edition,edition_short,variant,pose,rarity_index,rarity,colour_key,colour,battle_points,binder_value,recycle_value,power_type,power_name,power_text,power_json,secret_type,secret_name,secret_text,source,year,blurb
felix1,Felix the Cat,Felix the Cat,felix,sil,Silent Screen,Classic,Classic,classic,normal,0,Common,slv,Silver,4,25,25,perOwnColor,Rally,+2 for each of your Silver gToons,"{""t"":""perOwnColor"",""color"":""slv"",""n"":2}",,,,packs / trades / free chip,1919,The first cartoon superstar. Keeps on walking.
felix2,Felix the Cat · Feline Follies,Felix the Cat,felix,sil,Silent Screen,Feline Follies (1919),Reel 1919,reel,mirror,1,Uncommon,blu,Blue,6,60,60,front,Spotlight,+4 when played in the front row,"{""t"":""front"",""n"":4}",,,,packs / trades / free chip,1919,The first cartoon superstar. Keeps on walking.
felix3,Felix the Cat · Spotlight,Felix the Cat,felix,sil,Silent Screen,Spotlight,Spotlight,stage,zoom,2,Rare,slv,Silver,9,150,150,minusOppColor,Hex,-3 to each opponent Blue gToon,"{""t"":""minusOppColor"",""color"":""blu"",""n"":3}",,,,packs / trades / free chip,1919,The first cartoon superstar. Keeps on walking.
felix4,Felix the Cat · Holo,Felix the Cat,felix,sil,Silent Screen,Holo,Holo,holo,hero,3,Mythic,slv,Silver,12,500,500,perOwnColor,Rally,+2 for each of your Silver gToons,"{""t"":""perOwnColor"",""color"":""slv"",""n"":2}",chain,Chorus Line,+1 for each other gToon in its row,packs / trades / free chip,1919,The first cartoon superstar. Keeps on walking.
felix5,Felix the Cat · Silver,Felix the Cat,felix,sil,Silent Screen,Full Silver,Silver,silver,hero,3,Mythic,slv,Silver,13,500,500,mirror,Mirror,Copies the opposing gToon's points,"{""t"":""mirror""}",shield,Shield,Cannot lose points to opposing powers,packs / trades / free chip,1919,The first cartoon superstar. Keeps on walking.
felix6,Felix the Cat · Dark Matter,Felix the Cat,felix,sil,Silent Screen,Dark Matter,Dark Matter,dark,hero,3,Mythic,slv,Silver,13,500,500,minusOppColor,Hex,-3 to each opponent Purple gToon,"{""t"":""minusOppColor"",""color"":""prp"",""n"":3}",bomb,Brick,-2 to the opposing gToon and its row neighbours,packs / trades / free chip,1919,The first cartoon superstar. Keeps on walking.
felix7,Felix the Cat · Gold,Felix the Cat,felix,sil,Silent Screen,Full Gold,Gold,gold,hero,4,Legendary,slv,Silver,16,1500,1500,plusAll,Anthem,+2 to each of your other gToons,"{""t"":""plusAll"",""n"":2}",crown,Crown,+4 if nothing on your side has more points,packs / trades / free chip,1919,The first cartoon superstar. Keeps on walking.
felix8,Felix the Cat · Platinum,Felix the Cat,felix,sil,Silent Screen,Full Platinum,Platinum,platinum,hero,4,Legendary,slv,Silver,15,1500,1500,plusAll,Anthem,+2 to each of your other gToons,"{""t"":""plusAll"",""n"":2}",veto,Veto,Cancels the opposing gToon's power,packs / trades / free chip,1919,The first cartoon superstar. Keeps on walking.
gertie1,Gertie the Dinosaur,Gertie the Dinosaur,gertie,sil,Silent Screen,Classic,Classic,classic,normal,0,Common,grn,Green,3,25,25,back,Backstage,+3 when played in the back row,"{""t"":""back"",""n"":3}",,,,packs / trades / free chip,1914,The friendliest brontosaurus in vaudeville. Does tricks.
gertie2,Gertie the Dinosaur · Gertie the Dinosaur,Gertie the Dinosaur,gertie,sil,Silent Screen,Gertie the Dinosaur (1914),Reel 1914,reel,mirror,1,Uncommon,grn,Green,7,60,60,lonely,Loner,+5 if no gToons are next to it,"{""t"":""lonely"",""n"":5}",,,,packs / trades / free chip,1914,The friendliest brontosaurus in vaudeville. Does tricks.
gertie3,Gertie the Dinosaur · Spotlight,Gertie the Dinosaur,gertie,sil,Silent Screen,Spotlight,Spotlight,stage,zoom,2,Rare,grn,Green,8,150,150,perOwnColor,Rally,+2 for each of your Green gToons,"{""t"":""perOwnColor"",""color"":""grn"",""n"":2}",,,,packs / trades / free chip,1914,The friendliest brontosaurus in vaudeville. Does tricks.
gertie4,Gertie the Dinosaur · Holo,Gertie the Dinosaur,gertie,sil,Silent Screen,Holo,Holo,holo,hero,3,Mythic,grn,Green,9,500,500,perOwnColor,Rally,+2 for each of your Green gToons,"{""t"":""perOwnColor"",""color"":""grn"",""n"":2}",chain,Chorus Line,+1 for each other gToon in its row,packs / trades / free chip,1914,The friendliest brontosaurus in vaudeville. Does tricks.
gertie5,Gertie the Dinosaur · Silver,Gertie the Dinosaur,gertie,sil,Silent Screen,Full Silver,Silver,silver,hero,3,Mythic,slv,Silver,10,500,500,mirror,Mirror,Copies the opposing gToon's points,"{""t"":""mirror""}",shield,Shield,Cannot lose points to opposing powers,packs / trades / free chip,1914,The friendliest brontosaurus in vaudeville. Does tricks.
gertie6,Gertie the Dinosaur · Dark Matter,Gertie the Dinosaur,gertie,sil,Silent Screen,Dark Matter,Dark Matter,dark,hero,3,Mythic,grn,Green,10,500,500,minusOppColor,Hex,-3 to each opponent Red gToon,"{""t"":""minusOppColor"",""color"":""red"",""n"":3}",bomb,Brick,-2 to the opposing gToon and its row neighbours,packs / trades / free chip,1914,The friendliest brontosaurus in vaudeville. Does tricks.
gertie7,Gertie the Dinosaur · Gold,Gertie the Dinosaur,gertie,sil,Silent Screen,Full Gold,Gold,gold,hero,4,Legendary,grn,Green,13,1500,1500,plusOwnColor,Boost,+3 to each of your other Green gToons,"{""t"":""plusOwnColor"",""color"":""grn"",""n"":3}",crown,Crown,+4 if nothing on your side has more points,packs / trades / free chip,1914,The friendliest brontosaurus in vaudeville. Does tricks.
gertie8,Gertie the Dinosaur · Platinum,Gertie the Dinosaur,gertie,sil,Silent Screen,Full Platinum,Platinum,platinum,hero,4,Legendary,slv,Silver,13,1500,1500,plusAll,Anthem,+2 to each of your other gToons,"{""t"":""plusAll"",""n"":2}",veto,Veto,Cancels the opposing gToon's power,packs / trades / free chip,1914,The friendliest brontosaurus in vaudeville. Does tricks.
alfalfa1,Farmer Al Falfa,Farmer Al Falfa,alfalfa,sil,Silent Screen,Classic,Classic,classic,normal,0,Common,yel,Yellow,3,25,25,none,None,NO POWER,"{""t"":""none""}",,,,packs / trades / free chip,1916,"Grumpy, bearded, and forever losing to his own farm animals."
alfalfa2,Farmer Al Falfa · Al Falfa's Catastrophe,Farmer Al Falfa,alfalfa,sil,Silent Screen,Al Falfa's Catastrophe (1916),Reel 1916,reel,mirror,1,Uncommon,org,Orange,6,60,60,back,Backstage,+4 when played in the back row,"{""t"":""back"",""n"":4}",,,,packs / trades / free chip,1916,"Grumpy, bearded, and forever losing to his own farm animals."
alfalfa3,Farmer Al Falfa · Spotlight,Farmer Al Falfa,alfalfa,sil,Silent Screen,Spotlight,Spotlight,stage,zoom,2,Rare,yel,Yellow,8,150,150,steal,Pickpocket,Takes 3 points from the opposing gToon,"{""t"":""steal"",""n"":3}",,,,packs / trades / free chip,1916,"Grumpy, bearded, and forever losing to his own farm animals."
alfalfa4,Farmer Al Falfa · Holo,Farmer Al Falfa,alfalfa,sil,Silent Screen,Holo,Holo,holo,hero,3,Mythic,yel,Yellow,8,500,500,perOwnColor,Rally,+2 for each of your Yellow gToons,"{""t"":""perOwnColor"",""color"":""yel"",""n"":2}",chain,Chorus Line,+1 for each other gToon in its row,packs / trades / free chip,1916,"Grumpy, bearded, and forever losing to his own farm animals."
alfalfa5,Farmer Al Falfa · Silver,Farmer Al Falfa,alfalfa,sil,Silent Screen,Full Silver,Silver,silver,hero,3,Mythic,slv,Silver,9,500,500,mirror,Mirror,Copies the opposing gToon's points,"{""t"":""mirror""}",shield,Shield,Cannot lose points to opposing powers,packs / trades / free chip,1916,"Grumpy, bearded, and forever losing to his own farm animals."
alfalfa6,Farmer Al Falfa · Dark Matter,Farmer Al Falfa,alfalfa,sil,Silent Screen,Dark Matter,Dark Matter,dark,hero,3,Mythic,yel,Yellow,9,500,500,minusOppColor,Hex,-3 to each opponent Blue gToon,"{""t"":""minusOppColor"",""color"":""blu"",""n"":3}",bomb,Brick,-2 to the opposing gToon and its row neighbours,packs / trades / free chip,1916,"Grumpy, bearded, and forever losing to his own farm animals."
alfalfa7,Farmer Al Falfa · Gold,Farmer Al Falfa,alfalfa,sil,Silent Screen,Full Gold,Gold,gold,hero,4,Legendary,yel,Yellow,13,1500,1500,perOppColor,Counter,+3 for each opponent Green gToon,"{""t"":""perOppColor"",""color"":""grn"",""n"":3}",crown,Crown,+4 if nothing on your side has more points,packs / trades / free chip,1916,"Grumpy, bearded, and forever losing to his own farm animals."
alfalfa8,Farmer Al Falfa · Platinum,Farmer Al Falfa,alfalfa,sil,Silent Screen,Full Platinum,Platinum,platinum,hero,4,Legendary,slv,Silver,13,1500,1500,plusAll,Anthem,+2 to each of your other gToons,"{""t"":""plusAll"",""n"":2}",veto,Veto,Cancels the opposing gToon's power,packs / trades / free chip,1916,"Grumpy, bearded, and forever losing to his own farm animals."
koko1,Koko the Clown,Koko the Clown,koko,ink,Inkwell Studio,Classic,Classic,classic,normal,0,Common,slv,Silver,4,25,25,x2,Buddy,x2 to Bimbo,"{""t"":""x2"",""id"":""bimbo""}",,,,packs / trades / free chip,1918,Climbs out of the inkwell every night to cause trouble.
koko2,Koko the Clown · Out of the Inkwell,Koko the Clown,koko,ink,Inkwell Studio,Out of the Inkwell (1918),Reel 1918,reel,mirror,1,Uncommon,prp,Purple,6,60,60,opp,Jab,-3 to the opposing gToon,"{""t"":""opp"",""n"":3}",,,,packs / trades / free chip,1918,Climbs out of the inkwell every night to cause trouble.
koko3,Koko the Clown · Spotlight,Koko the Clown,koko,ink,Inkwell Studio,Spotlight,Spotlight,stage,zoom,2,Rare,slv,Silver,9,150,150,mirror,Mirror,Copies the opposing gToon's points,"{""t"":""mirror""}",,,,packs / trades / free chip,1918,Climbs out of the inkwell every night to cause trouble.
koko4,Koko the Clown · Holo,Koko the Clown,koko,ink,Inkwell Studio,Holo,Holo,holo,hero,3,Mythic,slv,Silver,9,500,500,perOwnColor,Rally,+2 for each of your Silver gToons,"{""t"":""perOwnColor"",""color"":""slv"",""n"":2}",chain,Chorus Line,+1 for each other gToon in its row,packs / trades / free chip,1918,Climbs out of the inkwell every night to cause trouble.
koko5,Koko the Clown · Silver,Koko the Clown,koko,ink,Inkwell Studio,Full Silver,Silver,silver,hero,3,Mythic,slv,Silver,10,500,500,steal,Pickpocket,Takes 4 points from the opposing gToon,"{""t"":""steal"",""n"":4}",shield,Shield,Cannot lose points to opposing powers,packs / trades / free chip,1918,Climbs out of the inkwell every night to cause trouble.
koko6,Koko the Clown · Dark Matter,Koko the Clown,koko,ink,Inkwell Studio,Dark Matter,Dark Matter,dark,hero,3,Mythic,slv,Silver,10,500,500,minusOppColor,Hex,-3 to each opponent Purple gToon,"{""t"":""minusOppColor"",""color"":""prp"",""n"":3}",bomb,Brick,-2 to the opposing gToon and its row neighbours,packs / trades / free chip,1918,Climbs out of the inkwell every night to cause trouble.
koko7,Koko the Clown · Gold,Koko the Clown,koko,ink,Inkwell Studio,Full Gold,Gold,gold,hero,4,Legendary,slv,Silver,13,1500,1500,minusOppColor,Hex,-3 to each opponent Red gToon,"{""t"":""minusOppColor"",""color"":""red"",""n"":3}",crown,Crown,+4 if nothing on your side has more points,packs / trades / free chip,1918,Climbs out of the inkwell every night to cause trouble.
koko8,Koko the Clown · Platinum,Koko the Clown,koko,ink,Inkwell Studio,Full Platinum,Platinum,platinum,hero,4,Legendary,slv,Silver,13,1500,1500,plusAll,Anthem,+2 to each of your other gToons,"{""t"":""plusAll"",""n"":2}",veto,Veto,Cancels the opposing gToon's power,packs / trades / free chip,1918,Climbs out of the inkwell every night to cause trouble.
bimbo1,Bimbo,Bimbo,bimbo,ink,Inkwell Studio,Classic,Classic,classic,normal,0,Common,slv,Silver,2,25,25,perOwnColor,Rally,+2 for each of your Silver gToons,"{""t"":""perOwnColor"",""color"":""slv"",""n"":2}",,,,packs / trades / free chip,1930,A dog about town with big ears and bigger ideas.
bimbo2,Bimbo · Hot Dog,Bimbo,bimbo,ink,Inkwell Studio,Hot Dog (1930),Reel 1930,reel,mirror,1,Uncommon,blu,Blue,5,60,60,first,Opener,+4 if played first,"{""t"":""first"",""n"":4}",,,,packs / trades / free chip,1930,A dog about town with big ears and bigger ideas.
bimbo3,Bimbo · Spotlight,Bimbo,bimbo,ink,Inkwell Studio,Spotlight,Spotlight,stage,zoom,2,Rare,slv,Silver,7,150,150,lonely,Loner,+4 if no gToons are next to it,"{""t"":""lonely"",""n"":4}",,,,packs / trades / free chip,1930,A dog about town with big ears and bigger ideas.
bimbo4,Bimbo · Holo,Bimbo,bimbo,ink,Inkwell Studio,Holo,Holo,holo,hero,3,Mythic,slv,Silver,8,500,500,perOwnColor,Rally,+2 for each of your Silver gToons,"{""t"":""perOwnColor"",""color"":""slv"",""n"":2}",chain,Chorus Line,+1 for each other gToon in its row,packs / trades / free chip,1930,A dog about town with big ears and bigger ideas.
bimbo5,Bimbo · Silver,Bimbo,bimbo,ink,Inkwell Studio,Full Silver,Silver,silver,hero,3,Mythic,slv,Silver,9,500,500,mirror,Mirror,Copies the opposing gToon's points,"{""t"":""mirror""}",shield,Shield,Cannot lose points to opposing powers,packs / trades / free chip,1930,A dog about town with big ears and bigger ideas.
bimbo6,Bimbo · Dark Matter,Bimbo,bimbo,ink,Inkwell Studio,Dark Matter,Dark Matter,dark,hero,3,Mythic,slv,Silver,9,500,500,minusOppColor,Hex,-3 to each opponent Purple gToon,"{""t"":""minusOppColor"",""color"":""prp"",""n"":3}",bomb,Brick,-2 to the opposing gToon and its row neighbours,packs / trades / free chip,1930,A dog about town with big ears and bigger ideas.
bimbo7,Bimbo · Gold,Bimbo,bimbo,ink,Inkwell Studio,Full Gold,Gold,gold,hero,4,Legendary,slv,Silver,13,1500,1500,plusOwnColor,Boost,+2 to each of your other Silver gToons,"{""t"":""plusOwnColor"",""color"":""slv"",""n"":2}",crown,Crown,+4 if nothing on your side has more points,packs / trades / free chip,1930,A dog about town with big ears and bigger ideas.
bimbo8,Bimbo · Platinum,Bimbo,bimbo,ink,Inkwell Studio,Full Platinum,Platinum,platinum,hero,4,Legendary,slv,Silver,13,1500,1500,plusAll,Anthem,+2 to each of your other gToons,"{""t"":""plusAll"",""n"":2}",veto,Veto,Cancels the opposing gToon's power,packs / trades / free chip,1930,A dog about town with big ears and bigger ideas.
betty1,Betty Boop,Betty Boop,betty,ink,Inkwell Studio,Classic,Classic,classic,normal,0,Common,red,Red,4,25,25,x2,Buddy,x2 to Bimbo,"{""t"":""x2"",""id"":""bimbo""}",,,,packs / trades / free chip,1930,"The 1930 original, floppy ears and all. Boop-oop-a-doop!"
betty2,Betty Boop · Dizzy Dishes,Betty Boop,betty,ink,Inkwell Studio,Dizzy Dishes (1930),Reel 1930,reel,mirror,1,Uncommon,red,Red,7,60,60,front,Spotlight,+4 when played in the front row,"{""t"":""front"",""n"":4}",,,,packs / trades / free chip,1930,"The 1930 original, floppy ears and all. Boop-oop-a-doop!"
betty3,Betty Boop · Spotlight,Betty Boop,betty,ink,Inkwell Studio,Spotlight,Spotlight,stage,zoom,2,Rare,red,Red,10,150,150,plusOwnColor,Boost,+2 to each of your other Red gToons,"{""t"":""plusOwnColor"",""color"":""red"",""n"":2}",,,,packs / trades / free chip,1930,"The 1930 original, floppy ears and all. Boop-oop-a-doop!"
betty4,Betty Boop · Holo,Betty Boop,betty,ink,Inkwell Studio,Holo,Holo,holo,hero,3,Mythic,red,Red,11,500,500,perOwnColor,Rally,+2 for each of your Red gToons,"{""t"":""perOwnColor"",""color"":""red"",""n"":2}",chain,Chorus Line,+1 for each other gToon in its row,packs / trades / free chip,1930,"The 1930 original, floppy ears and all. Boop-oop-a-doop!"
betty5,Betty Boop · Silver,Betty Boop,betty,ink,Inkwell Studio,Full Silver,Silver,silver,hero,3,Mythic,slv,Silver,12,500,500,steal,Pickpocket,Takes 4 points from the opposing gToon,"{""t"":""steal"",""n"":4}",shield,Shield,Cannot lose points to opposing powers,packs / trades / free chip,1930,"The 1930 original, floppy ears and all. Boop-oop-a-doop!"
betty6,Betty Boop · Dark Matter,Betty Boop,betty,ink,Inkwell Studio,Dark Matter,Dark Matter,dark,hero,3,Mythic,red,Red,12,500,500,minusOppColor,Hex,-3 to each opponent Green gToon,"{""t"":""minusOppColor"",""color"":""grn"",""n"":3}",bomb,Brick,-2 to the opposing gToon and its row neighbours,packs / trades / free chip,1930,"The 1930 original, floppy ears and all. Boop-oop-a-doop!"
betty7,Betty Boop · Gold,Betty Boop,betty,ink,Inkwell Studio,Full Gold,Gold,gold,hero,4,Legendary,red,Red,15,1500,1500,perOwnColor,Rally,+3 for each of your Red gToons,"{""t"":""perOwnColor"",""color"":""red"",""n"":3}",crown,Crown,+4 if nothing on your side has more points,packs / trades / free chip,1930,"The 1930 original, floppy ears and all. Boop-oop-a-doop!"
betty8,Betty Boop · Platinum,Betty Boop,betty,ink,Inkwell Studio,Full Platinum,Platinum,platinum,hero,4,Legendary,slv,Silver,14,1500,1500,plusAll,Anthem,+2 to each of your other gToons,"{""t"":""plusAll"",""n"":2}",veto,Veto,Cancels the opposing gToon's power,packs / trades / free chip,1930,"The 1930 original, floppy ears and all. Boop-oop-a-doop!"
popeye1,Popeye,Popeye,popeye,thm,Thimble Theatre,Classic,Classic,classic,normal,0,Common,blu,Blue,5,25,25,x2,Buddy,x2 to Olive Oyl,"{""t"":""x2"",""id"":""olive""}",,,,packs / trades / free chip,1929,He is what he is. Strong to the finish.
popeye2,Popeye · Thimble Theatre,Popeye,popeye,thm,Thimble Theatre,Thimble Theatre (1929),Reel 1929,reel,mirror,1,Uncommon,blu,Blue,8,60,60,opp,Jab,-4 to the opposing gToon,"{""t"":""opp"",""n"":4}",,,,packs / trades / free chip,1929,He is what he is. Strong to the finish.
popeye3,Popeye · Spotlight,Popeye,popeye,thm,Thimble Theatre,Spotlight,Spotlight,stage,zoom,2,Rare,blu,Blue,10,150,150,steal,Pickpocket,Takes 4 points from the opposing gToon,"{""t"":""steal"",""n"":4}",,,,packs / trades / free chip,1929,He is what he is. Strong to the finish.
popeye4,Popeye · Holo,Popeye,popeye,thm,Thimble Theatre,Holo,Holo,holo,hero,3,Mythic,blu,Blue,12,500,500,perOwnColor,Rally,+2 for each of your Blue gToons,"{""t"":""perOwnColor"",""color"":""blu"",""n"":2}",chain,Chorus Line,+1 for each other gToon in its row,packs / trades / free chip,1929,He is what he is. Strong to the finish.
popeye5,Popeye · Silver,Popeye,popeye,thm,Thimble Theatre,Full Silver,Silver,silver,hero,3,Mythic,slv,Silver,13,500,500,steal,Pickpocket,Takes 4 points from the opposing gToon,"{""t"":""steal"",""n"":4}",shield,Shield,Cannot lose points to opposing powers,packs / trades / free chip,1929,He is what he is. Strong to the finish.
popeye6,Popeye · Dark Matter,Popeye,popeye,thm,Thimble Theatre,Dark Matter,Dark Matter,dark,hero,3,Mythic,blu,Blue,13,500,500,minusOppColor,Hex,-3 to each opponent Orange gToon,"{""t"":""minusOppColor"",""color"":""org"",""n"":3}",bomb,Brick,-2 to the opposing gToon and its row neighbours,packs / trades / free chip,1929,He is what he is. Strong to the finish.
popeye7,Popeye · Gold,Popeye,popeye,thm,Thimble Theatre,Full Gold,Gold,gold,hero,4,Legendary,blu,Blue,16,1500,1500,opp,Jab,-8 to the opposing gToon,"{""t"":""opp"",""n"":8}",crown,Crown,+4 if nothing on your side has more points,packs / trades / free chip,1929,He is what he is. Strong to the finish.
popeye8,Popeye · Platinum,Popeye,popeye,thm,Thimble Theatre,Full Platinum,Platinum,platinum,hero,4,Legendary,slv,Silver,15,1500,1500,plusAll,Anthem,+2 to each of your other gToons,"{""t"":""plusAll"",""n"":2}",veto,Veto,Cancels the opposing gToon's power,packs / trades / free chip,1929,He is what he is. Strong to the finish.
olive1,Olive Oyl,Olive Oyl,olive,thm,Thimble Theatre,Classic,Classic,classic,normal,0,Common,red,Red,2,25,25,x2,Buddy,x2 to Popeye,"{""t"":""x2"",""id"":""popeye""}",,,,packs / trades / free chip,1919,"Tall, tough and ten years older than Popeye."
olive2,Olive Oyl · Thimble Theatre,Olive Oyl,olive,thm,Thimble Theatre,Thimble Theatre (1919),Reel 1919,reel,mirror,1,Uncommon,red,Red,5,60,60,back,Backstage,+3 when played in the back row,"{""t"":""back"",""n"":3}",,,,packs / trades / free chip,1919,"Tall, tough and ten years older than Popeye."
olive3,Olive Oyl · Spotlight,Olive Oyl,olive,thm,Thimble Theatre,Spotlight,Spotlight,stage,zoom,2,Rare,red,Red,7,150,150,perOwnColor,Rally,+2 for each of your Blue gToons,"{""t"":""perOwnColor"",""color"":""blu"",""n"":2}",,,,packs / trades / free chip,1919,"Tall, tough and ten years older than Popeye."
olive4,Olive Oyl · Holo,Olive Oyl,olive,thm,Thimble Theatre,Holo,Holo,holo,hero,3,Mythic,red,Red,8,500,500,perOwnColor,Rally,+2 for each of your Red gToons,"{""t"":""perOwnColor"",""color"":""red"",""n"":2}",chain,Chorus Line,+1 for each other gToon in its row,packs / trades / free chip,1919,"Tall, tough and ten years older than Popeye."
olive5,Olive Oyl · Silver,Olive Oyl,olive,thm,Thimble Theatre,Full Silver,Silver,silver,hero,3,Mythic,slv,Silver,9,500,500,mirror,Mirror,Copies the opposing gToon's points,"{""t"":""mirror""}",shield,Shield,Cannot lose points to opposing powers,packs / trades / free chip,1919,"Tall, tough and ten years older than Popeye."
olive6,Olive Oyl · Dark Matter,Olive Oyl,olive,thm,Thimble Theatre,Dark Matter,Dark Matter,dark,hero,3,Mythic,red,Red,9,500,500,minusOppColor,Hex,-3 to each opponent Green gToon,"{""t"":""minusOppColor"",""color"":""grn"",""n"":3}",bomb,Brick,-2 to the opposing gToon and its row neighbours,packs / trades / free chip,1919,"Tall, tough and ten years older than Popeye."
olive7,Olive Oyl · Gold,Olive Oyl,olive,thm,Thimble Theatre,Full Gold,Gold,gold,hero,4,Legendary,red,Red,13,1500,1500,plusOwnColor,Boost,+2 to each of your other Blue gToons,"{""t"":""plusOwnColor"",""color"":""blu"",""n"":2}",crown,Crown,+4 if nothing on your side has more points,packs / trades / free chip,1919,"Tall, tough and ten years older than Popeye."
olive8,Olive Oyl · Platinum,Olive Oyl,olive,thm,Thimble Theatre,Full Platinum,Platinum,platinum,hero,4,Legendary,slv,Silver,13,1500,1500,plusAll,Anthem,+2 to each of your other gToons,"{""t"":""plusAll"",""n"":2}",veto,Veto,Cancels the opposing gToon's power,packs / trades / free chip,1919,"Tall, tough and ten years older than Popeye."
oswald1,Oswald the Lucky Rabbit,Oswald the Lucky Rabbit,oswald,rub,Rubber Hose Rascals,Classic,Classic,classic,normal,0,Common,blu,Blue,4,25,25,lonely,Loner,+3 if no gToons are next to it,"{""t"":""lonely"",""n"":3}",,,,packs / trades / free chip,1927,Lucky by name. Detachable by design.
oswald2,Oswald the Lucky Rabbit · Trolley Troubles,Oswald the Lucky Rabbit,oswald,rub,Rubber Hose Rascals,Trolley Troubles (1927),Reel 1927,reel,mirror,1,Uncommon,blu,Blue,7,60,60,front,Spotlight,+3 when played in the front row,"{""t"":""front"",""n"":3}",,,,packs / trades / free chip,1927,Lucky by name. Detachable by design.
oswald3,Oswald the Lucky Rabbit · Spotlight,Oswald the Lucky Rabbit,oswald,rub,Rubber Hose Rascals,Spotlight,Spotlight,stage,zoom,2,Rare,prp,Purple,9,150,150,minusOppColor,Hex,-3 to each opponent Green gToon,"{""t"":""minusOppColor"",""color"":""grn"",""n"":3}",,,,packs / trades / free chip,1927,Lucky by name. Detachable by design.
oswald4,Oswald the Lucky Rabbit · Holo,Oswald the Lucky Rabbit,oswald,rub,Rubber Hose Rascals,Holo,Holo,holo,hero,3,Mythic,blu,Blue,9,500,500,perOwnColor,Rally,+2 for each of your Blue gToons,"{""t"":""perOwnColor"",""color"":""blu"",""n"":2}",chain,Chorus Line,+1 for each other gToon in its row,packs / trades / free chip,1927,Lucky by name. Detachable by design.
oswald5,Oswald the Lucky Rabbit · Silver,Oswald the Lucky Rabbit,oswald,rub,Rubber Hose Rascals,Full Silver,Silver,silver,hero,3,Mythic,slv,Silver,10,500,500,mirror,Mirror,Copies the opposing gToon's points,"{""t"":""mirror""}",shield,Shield,Cannot lose points to opposing powers,packs / trades / free chip,1927,Lucky by name. Detachable by design.
oswald6,Oswald the Lucky Rabbit · Dark Matter,Oswald the Lucky Rabbit,oswald,rub,Rubber Hose Rascals,Dark Matter,Dark Matter,dark,hero,3,Mythic,blu,Blue,10,500,500,minusOppColor,Hex,-3 to each opponent Orange gToon,"{""t"":""minusOppColor"",""color"":""org"",""n"":3}",bomb,Brick,-2 to the opposing gToon and its row neighbours,packs / trades / free chip,1927,Lucky by name. Detachable by design.
oswald7,Oswald the Lucky Rabbit · Gold,Oswald the Lucky Rabbit,oswald,rub,Rubber Hose Rascals,Full Gold,Gold,gold,hero,4,Legendary,blu,Blue,13,1500,1500,plusOwnColor,Boost,+3 to each of your other Blue gToons,"{""t"":""plusOwnColor"",""color"":""blu"",""n"":3}",crown,Crown,+4 if nothing on your side has more points,packs / trades / free chip,1927,Lucky by name. Detachable by design.
oswald8,Oswald the Lucky Rabbit · Platinum,Oswald the Lucky Rabbit,oswald,rub,Rubber Hose Rascals,Full Platinum,Platinum,platinum,hero,4,Legendary,slv,Silver,13,1500,1500,plusAll,Anthem,+2 to each of your other gToons,"{""t"":""plusAll"",""n"":2}",veto,Veto,Cancels the opposing gToon's power,packs / trades / free chip,1927,Lucky by name. Detachable by design.
willie1,Steamboat Willie,Steamboat Willie,willie,rub,Rubber Hose Rascals,Classic,Classic,classic,normal,0,Common,slv,Silver,4,25,25,first,Opener,+3 if played first,"{""t"":""first"",""n"":3}",,,,packs / trades / free chip,1928,The 1928 deckhand who whistled his way into history.
willie2,Steamboat Willie · Steamboat Willie,Steamboat Willie,willie,rub,Rubber Hose Rascals,Steamboat Willie (1928),Reel 1928,reel,mirror,1,Uncommon,org,Orange,7,60,60,perOwnColor,Rally,+2 for each of your Orange gToons,"{""t"":""perOwnColor"",""color"":""org"",""n"":2}",,,,packs / trades / free chip,1928,The 1928 deckhand who whistled his way into history.
willie3,Steamboat Willie · Spotlight,Steamboat Willie,willie,rub,Rubber Hose Rascals,Spotlight,Spotlight,stage,zoom,2,Rare,slv,Silver,9,150,150,back,Backstage,+5 when played in the back row,"{""t"":""back"",""n"":5}",,,,packs / trades / free chip,1928,The 1928 deckhand who whistled his way into history.
willie4,Steamboat Willie · Holo,Steamboat Willie,willie,rub,Rubber Hose Rascals,Holo,Holo,holo,hero,3,Mythic,slv,Silver,11,500,500,perOwnColor,Rally,+2 for each of your Silver gToons,"{""t"":""perOwnColor"",""color"":""slv"",""n"":2}",chain,Chorus Line,+1 for each other gToon in its row,packs / trades / free chip,1928,The 1928 deckhand who whistled his way into history.
willie5,Steamboat Willie · Silver,Steamboat Willie,willie,rub,Rubber Hose Rascals,Full Silver,Silver,silver,hero,3,Mythic,slv,Silver,12,500,500,steal,Pickpocket,Takes 4 points from the opposing gToon,"{""t"":""steal"",""n"":4}",shield,Shield,Cannot lose points to opposing powers,packs / trades / free chip,1928,The 1928 deckhand who whistled his way into history.
willie6,Steamboat Willie · Dark Matter,Steamboat Willie,willie,rub,Rubber Hose Rascals,Dark Matter,Dark Matter,dark,hero,3,Mythic,slv,Silver,12,500,500,minusOppColor,Hex,-3 to each opponent Purple gToon,"{""t"":""minusOppColor"",""color"":""prp"",""n"":3}",bomb,Brick,-2 to the opposing gToon and its row neighbours,packs / trades / free chip,1928,The 1928 deckhand who whistled his way into history.
willie7,Steamboat Willie · Gold,Steamboat Willie,willie,rub,Rubber Hose Rascals,Full Gold,Gold,gold,hero,4,Legendary,slv,Silver,15,1500,1500,plusAll,Anthem,+2 to each of your other gToons,"{""t"":""plusAll"",""n"":2}",crown,Crown,+4 if nothing on your side has more points,packs / trades / free chip,1928,The 1928 deckhand who whistled his way into history.
willie8,Steamboat Willie · Platinum,Steamboat Willie,willie,rub,Rubber Hose Rascals,Full Platinum,Platinum,platinum,hero,4,Legendary,slv,Silver,14,1500,1500,plusAll,Anthem,+2 to each of your other gToons,"{""t"":""plusAll"",""n"":2}",veto,Veto,Cancels the opposing gToon's power,packs / trades / free chip,1928,The 1928 deckhand who whistled his way into history.
bosko1,Bosko,Bosko,bosko,rub,Rubber Hose Rascals,Classic,Classic,classic,normal,0,Common,org,Orange,3,25,25,none,None,NO POWER,"{""t"":""none""}",,,,packs / trades / free chip,1929,The Talk-Ink Kid. Never stops singing.
bosko2,Bosko · Sinkin' in the Bathtub,Bosko,bosko,rub,Rubber Hose Rascals,Sinkin' in the Bathtub (1929),Reel 1929,reel,mirror,1,Uncommon,org,Orange,6,60,60,perOppColor,Counter,+2 for each opponent Silver gToon,"{""t"":""perOppColor"",""color"":""slv"",""n"":2}",,,,packs / trades / free chip,1929,The Talk-Ink Kid. Never stops singing.
bosko3,Bosko · Spotlight,Bosko,bosko,rub,Rubber Hose Rascals,Spotlight,Spotlight,stage,zoom,2,Rare,org,Orange,8,150,150,front,Spotlight,+4 when played in the front row,"{""t"":""front"",""n"":4}",,,,packs / trades / free chip,1929,The Talk-Ink Kid. Never stops singing.
bosko4,Bosko · Holo,Bosko,bosko,rub,Rubber Hose Rascals,Holo,Holo,holo,hero,3,Mythic,org,Orange,8,500,500,perOwnColor,Rally,+2 for each of your Orange gToons,"{""t"":""perOwnColor"",""color"":""org"",""n"":2}",chain,Chorus Line,+1 for each other gToon in its row,packs / trades / free chip,1929,The Talk-Ink Kid. Never stops singing.
bosko5,Bosko · Silver,Bosko,bosko,rub,Rubber Hose Rascals,Full Silver,Silver,silver,hero,3,Mythic,slv,Silver,9,500,500,mirror,Mirror,Copies the opposing gToon's points,"{""t"":""mirror""}",shield,Shield,Cannot lose points to opposing powers,packs / trades / free chip,1929,The Talk-Ink Kid. Never stops singing.
bosko6,Bosko · Dark Matter,Bosko,bosko,rub,Rubber Hose Rascals,Dark Matter,Dark Matter,dark,hero,3,Mythic,org,Orange,9,500,500,minusOppColor,Hex,-3 to each opponent Blue gToon,"{""t"":""minusOppColor"",""color"":""blu"",""n"":3}",bomb,Brick,-2 to the opposing gToon and its row neighbours,packs / trades / free chip,1929,The Talk-Ink Kid. Never stops singing.
bosko7,Bosko · Gold,Bosko,bosko,rub,Rubber Hose Rascals,Full Gold,Gold,gold,hero,4,Legendary,org,Orange,13,1500,1500,plusOwnColor,Boost,+2 to each of your other Orange gToons,"{""t"":""plusOwnColor"",""color"":""org"",""n"":2}",crown,Crown,+4 if nothing on your side has more points,packs / trades / free chip,1929,The Talk-Ink Kid. Never stops singing.
bosko8,Bosko · Platinum,Bosko,bosko,rub,Rubber Hose Rascals,Full Platinum,Platinum,platinum,hero,4,Legendary,slv,Silver,13,1500,1500,plusAll,Anthem,+2 to each of your other gToons,"{""t"":""plusAll"",""n"":2}",veto,Veto,Cancels the opposing gToon's power,packs / trades / free chip,1929,The Talk-Ink Kid. Never stops singing.
flip1,Flip the Frog,Flip the Frog,flip,rub,Rubber Hose Rascals,Classic,Classic,classic,normal,0,Common,grn,Green,3,25,25,back,Backstage,+2 when played in the back row,"{""t"":""back"",""n"":2}",,,,packs / trades / free chip,1930,"Fiddles, dances and hops out of every jam."
flip2,Flip the Frog · Fiddlesticks,Flip the Frog,flip,rub,Rubber Hose Rascals,Fiddlesticks (1930),Reel 1930,reel,mirror,1,Uncommon,grn,Green,6,60,60,x2,Buddy,x2 to Bosko,"{""t"":""x2"",""id"":""bosko""}",,,,packs / trades / free chip,1930,"Fiddles, dances and hops out of every jam."
flip3,Flip the Frog · Spotlight,Flip the Frog,flip,rub,Rubber Hose Rascals,Spotlight,Spotlight,stage,zoom,2,Rare,grn,Green,8,150,150,opp,Jab,-4 to the opposing gToon,"{""t"":""opp"",""n"":4}",,,,packs / trades / free chip,1930,"Fiddles, dances and hops out of every jam."
flip4,Flip the Frog · Holo,Flip the Frog,flip,rub,Rubber Hose Rascals,Holo,Holo,holo,hero,3,Mythic,grn,Green,8,500,500,perOwnColor,Rally,+2 for each of your Green gToons,"{""t"":""perOwnColor"",""color"":""grn"",""n"":2}",chain,Chorus Line,+1 for each other gToon in its row,packs / trades / free chip,1930,"Fiddles, dances and hops out of every jam."
flip5,Flip the Frog · Silver,Flip the Frog,flip,rub,Rubber Hose Rascals,Full Silver,Silver,silver,hero,3,Mythic,slv,Silver,9,500,500,mirror,Mirror,Copies the opposing gToon's points,"{""t"":""mirror""}",shield,Shield,Cannot lose points to opposing powers,packs / trades / free chip,1930,"Fiddles, dances and hops out of every jam."
flip6,Flip the Frog · Dark Matter,Flip the Frog,flip,rub,Rubber Hose Rascals,Dark Matter,Dark Matter,dark,hero,3,Mythic,grn,Green,9,500,500,minusOppColor,Hex,-3 to each opponent Red gToon,"{""t"":""minusOppColor"",""color"":""red"",""n"":3}",bomb,Brick,-2 to the opposing gToon and its row neighbours,packs / trades / free chip,1930,"Fiddles, dances and hops out of every jam."
flip7,Flip the Frog · Gold,Flip the Frog,flip,rub,Rubber Hose Rascals,Full Gold,Gold,gold,hero,4,Legendary,grn,Green,13,1500,1500,perOwnColor,Rally,+2 for each of your Green gToons,"{""t"":""perOwnColor"",""color"":""grn"",""n"":2}",crown,Crown,+4 if nothing on your side has more points,packs / trades / free chip,1930,"Fiddles, dances and hops out of every jam."
flip8,Flip the Frog · Platinum,Flip the Frog,flip,rub,Rubber Hose Rascals,Full Platinum,Platinum,platinum,hero,4,Legendary,slv,Silver,13,1500,1500,plusAll,Anthem,+2 to each of your other gToons,"{""t"":""plusAll"",""n"":2}",veto,Veto,Cancels the opposing gToon's power,packs / trades / free chip,1930,"Fiddles, dances and hops out of every jam."
krazy1,Krazy Kat,Krazy Kat,krazy,fun,Funny Pages,Classic,Classic,classic,normal,0,Common,prp,Purple,3,25,25,x2,Buddy,x2 to Ignatz Mouse,"{""t"":""x2"",""id"":""ignatz""}",,,,packs / trades / free chip,1913,In love with a mouse who throws bricks. It is complicated.
krazy2,Krazy Kat · Krazy Kat,Krazy Kat,krazy,fun,Funny Pages,Krazy Kat (1913),Reel 1913,reel,mirror,1,Uncommon,prp,Purple,6,60,60,mirror,Mirror,Copies the opposing gToon's points,"{""t"":""mirror""}",,,,packs / trades / free chip,1913,In love with a mouse who throws bricks. It is complicated.
krazy3,Krazy Kat · Spotlight,Krazy Kat,krazy,fun,Funny Pages,Spotlight,Spotlight,stage,zoom,2,Rare,prp,Purple,8,150,150,lonely,Loner,+6 if no gToons are next to it,"{""t"":""lonely"",""n"":6}",,,,packs / trades / free chip,1913,In love with a mouse who throws bricks. It is complicated.
krazy4,Krazy Kat · Holo,Krazy Kat,krazy,fun,Funny Pages,Holo,Holo,holo,hero,3,Mythic,prp,Purple,8,500,500,perOwnColor,Rally,+2 for each of your Purple gToons,"{""t"":""perOwnColor"",""color"":""prp"",""n"":2}",chain,Chorus Line,+1 for each other gToon in its row,packs / trades / free chip,1913,In love with a mouse who throws bricks. It is complicated.
krazy5,Krazy Kat · Silver,Krazy Kat,krazy,fun,Funny Pages,Full Silver,Silver,silver,hero,3,Mythic,slv,Silver,9,500,500,mirror,Mirror,Copies the opposing gToon's points,"{""t"":""mirror""}",shield,Shield,Cannot lose points to opposing powers,packs / trades / free chip,1913,In love with a mouse who throws bricks. It is complicated.
krazy6,Krazy Kat · Dark Matter,Krazy Kat,krazy,fun,Funny Pages,Dark Matter,Dark Matter,dark,hero,3,Mythic,prp,Purple,9,500,500,minusOppColor,Hex,-3 to each opponent Yellow gToon,"{""t"":""minusOppColor"",""color"":""yel"",""n"":3}",bomb,Brick,-2 to the opposing gToon and its row neighbours,packs / trades / free chip,1913,In love with a mouse who throws bricks. It is complicated.
krazy7,Krazy Kat · Gold,Krazy Kat,krazy,fun,Funny Pages,Full Gold,Gold,gold,hero,4,Legendary,prp,Purple,13,1500,1500,minusOppColor,Hex,-3 to each opponent Blue gToon,"{""t"":""minusOppColor"",""color"":""blu"",""n"":3}",crown,Crown,+4 if nothing on your side has more points,packs / trades / free chip,1913,In love with a mouse who throws bricks. It is complicated.
krazy8,Krazy Kat · Platinum,Krazy Kat,krazy,fun,Funny Pages,Full Platinum,Platinum,platinum,hero,4,Legendary,slv,Silver,13,1500,1500,plusAll,Anthem,+2 to each of your other gToons,"{""t"":""plusAll"",""n"":2}",veto,Veto,Cancels the opposing gToon's power,packs / trades / free chip,1913,In love with a mouse who throws bricks. It is complicated.
ignatz1,Ignatz Mouse,Ignatz Mouse,ignatz,fun,Funny Pages,Classic,Classic,classic,normal,0,Common,slv,Silver,2,25,25,opp,Jab,-2 to the opposing gToon,"{""t"":""opp"",""n"":2}",,,,packs / trades / free chip,1913,One mouse. One brick. One target.
ignatz2,Ignatz Mouse · Krazy Kat,Ignatz Mouse,ignatz,fun,Funny Pages,Krazy Kat (1913),Reel 1913,reel,mirror,1,Uncommon,org,Orange,5,60,60,steal,Pickpocket,Takes 2 points from the opposing gToon,"{""t"":""steal"",""n"":2}",,,,packs / trades / free chip,1913,One mouse. One brick. One target.
ignatz3,Ignatz Mouse · Spotlight,Ignatz Mouse,ignatz,fun,Funny Pages,Spotlight,Spotlight,stage,zoom,2,Rare,slv,Silver,7,150,150,opp,Jab,-5 to the opposing gToon,"{""t"":""opp"",""n"":5}",,,,packs / trades / free chip,1913,One mouse. One brick. One target.
ignatz4,Ignatz Mouse · Holo,Ignatz Mouse,ignatz,fun,Funny Pages,Holo,Holo,holo,hero,3,Mythic,slv,Silver,8,500,500,perOwnColor,Rally,+2 for each of your Silver gToons,"{""t"":""perOwnColor"",""color"":""slv"",""n"":2}",chain,Chorus Line,+1 for each other gToon in its row,packs / trades / free chip,1913,One mouse. One brick. One target.
ignatz5,Ignatz Mouse · Silver,Ignatz Mouse,ignatz,fun,Funny Pages,Full Silver,Silver,silver,hero,3,Mythic,slv,Silver,9,500,500,steal,Pickpocket,Takes 4 points from the opposing gToon,"{""t"":""steal"",""n"":4}",shield,Shield,Cannot lose points to opposing powers,packs / trades / free chip,1913,One mouse. One brick. One target.
ignatz6,Ignatz Mouse · Dark Matter,Ignatz Mouse,ignatz,fun,Funny Pages,Dark Matter,Dark Matter,dark,hero,3,Mythic,slv,Silver,9,500,500,minusOppColor,Hex,-3 to each opponent Purple gToon,"{""t"":""minusOppColor"",""color"":""prp"",""n"":3}",bomb,Brick,-2 to the opposing gToon and its row neighbours,packs / trades / free chip,1913,One mouse. One brick. One target.
ignatz7,Ignatz Mouse · Gold,Ignatz Mouse,ignatz,fun,Funny Pages,Full Gold,Gold,gold,hero,4,Legendary,slv,Silver,13,1500,1500,steal,Pickpocket,Takes 5 points from the opposing gToon,"{""t"":""steal"",""n"":5}",crown,Crown,+4 if nothing on your side has more points,packs / trades / free chip,1913,One mouse. One brick. One target.
ignatz8,Ignatz Mouse · Platinum,Ignatz Mouse,ignatz,fun,Funny Pages,Full Platinum,Platinum,platinum,hero,4,Legendary,slv,Silver,13,1500,1500,plusAll,Anthem,+2 to each of your other gToons,"{""t"":""plusAll"",""n"":2}",veto,Veto,Cancels the opposing gToon's power,packs / trades / free chip,1913,One mouse. One brick. One target.
nemo1,Little Nemo,Little Nemo,nemo,fun,Funny Pages,Classic,Classic,classic,normal,0,Common,blu,Blue,3,25,25,first,Opener,+4 if played first,"{""t"":""first"",""n"":4}",,,,packs / trades / free chip,1905,Falls out of bed at the end of every adventure.
nemo2,Little Nemo · Slumberland,Little Nemo,nemo,fun,Funny Pages,Slumberland (1905),Reel 1905,reel,mirror,1,Uncommon,yel,Yellow,6,60,60,lonely,Loner,+4 if no gToons are next to it,"{""t"":""lonely"",""n"":4}",,,,packs / trades / free chip,1905,Falls out of bed at the end of every adventure.
nemo3,Little Nemo · Spotlight,Little Nemo,nemo,fun,Funny Pages,Spotlight,Spotlight,stage,zoom,2,Rare,blu,Blue,8,150,150,last,Closer,+6 if played last,"{""t"":""last"",""n"":6}",,,,packs / trades / free chip,1905,Falls out of bed at the end of every adventure.
nemo4,Little Nemo · Holo,Little Nemo,nemo,fun,Funny Pages,Holo,Holo,holo,hero,3,Mythic,blu,Blue,8,500,500,perOwnColor,Rally,+2 for each of your Blue gToons,"{""t"":""perOwnColor"",""color"":""blu"",""n"":2}",chain,Chorus Line,+1 for each other gToon in its row,packs / trades / free chip,1905,Falls out of bed at the end of every adventure.
nemo5,Little Nemo · Silver,Little Nemo,nemo,fun,Funny Pages,Full Silver,Silver,silver,hero,3,Mythic,slv,Silver,9,500,500,mirror,Mirror,Copies the opposing gToon's points,"{""t"":""mirror""}",shield,Shield,Cannot lose points to opposing powers,packs / trades / free chip,1905,Falls out of bed at the end of every adventure.
nemo6,Little Nemo · Dark Matter,Little Nemo,nemo,fun,Funny Pages,Dark Matter,Dark Matter,dark,hero,3,Mythic,blu,Blue,9,500,500,minusOppColor,Hex,-3 to each opponent Orange gToon,"{""t"":""minusOppColor"",""color"":""org"",""n"":3}",bomb,Brick,-2 to the opposing gToon and its row neighbours,packs / trades / free chip,1905,Falls out of bed at the end of every adventure.
nemo7,Little Nemo · Gold,Little Nemo,nemo,fun,Funny Pages,Full Gold,Gold,gold,hero,4,Legendary,blu,Blue,13,1500,1500,last,Closer,+12 if played last,"{""t"":""last"",""n"":12}",crown,Crown,+4 if nothing on your side has more points,packs / trades / free chip,1905,Falls out of bed at the end of every adventure.
nemo8,Little Nemo · Platinum,Little Nemo,nemo,fun,Funny Pages,Full Platinum,Platinum,platinum,hero,4,Legendary,slv,Silver,13,1500,1500,plusAll,Anthem,+2 to each of your other gToons,"{""t"":""plusAll"",""n"":2}",veto,Veto,Cancels the opposing gToon's power,packs / trades / free chip,1905,Falls out of bed at the end of every adventure.
bobby1,Bobby Bumps,Bobby Bumps,bobby,sil,Silent Screen,Classic,Classic,classic,normal,0,Common,yel,Yellow,3,25,25,first,Opener,+2 if played first,"{""t"":""first"",""n"":2}",,,,packs / trades / free chip,1915,"A kid, a dog and a scheme a minute."
bobby2,Bobby Bumps · Bobby Bumps Starts a Lodge,Bobby Bumps,bobby,sil,Silent Screen,Bobby Bumps Starts a Lodge (1915),Reel 1915,reel,mirror,1,Uncommon,yel,Yellow,6,60,60,chain,Chorus Line,+1 for each other gToon in its row,"{""t"":""chain"",""n"":1}",,,,packs / trades / free chip,1915,"A kid, a dog and a scheme a minute."
bobby3,Bobby Bumps · Spotlight,Bobby Bumps,bobby,sil,Silent Screen,Spotlight,Spotlight,stage,zoom,2,Rare,org,Orange,8,150,150,underdog,Underdog,+5 if the opposing gToon has more points,"{""t"":""underdog"",""n"":5}",,,,packs / trades / free chip,1915,"A kid, a dog and a scheme a minute."
bobby4,Bobby Bumps · Holo,Bobby Bumps,bobby,sil,Silent Screen,Holo,Holo,holo,hero,3,Mythic,yel,Yellow,8,500,500,perOwnColor,Rally,+2 for each of your Yellow gToons,"{""t"":""perOwnColor"",""color"":""yel"",""n"":2}",chain,Chorus Line,+1 for each other gToon in its row,packs / trades / free chip,1915,"A kid, a dog and a scheme a minute."
bobby5,Bobby Bumps · Silver,Bobby Bumps,bobby,sil,Silent Screen,Full Silver,Silver,silver,hero,3,Mythic,slv,Silver,9,500,500,mirror,Mirror,Copies the opposing gToon's points,"{""t"":""mirror""}",shield,Shield,Cannot lose points to opposing powers,packs / trades / free chip,1915,"A kid, a dog and a scheme a minute."
bobby6,Bobby Bumps · Dark Matter,Bobby Bumps,bobby,sil,Silent Screen,Dark Matter,Dark Matter,dark,hero,3,Mythic,yel,Yellow,9,500,500,minusOppColor,Hex,-3 to each opponent Blue gToon,"{""t"":""minusOppColor"",""color"":""blu"",""n"":3}",bomb,Brick,-2 to the opposing gToon and its row neighbours,packs / trades / free chip,1915,"A kid, a dog and a scheme a minute."
bobby7,Bobby Bumps · Gold,Bobby Bumps,bobby,sil,Silent Screen,Full Gold,Gold,gold,hero,4,Legendary,yel,Yellow,13,1500,1500,chain,Chorus Line,+2 for each other gToon in its row,"{""t"":""chain"",""n"":2}",crown,Crown,+4 if nothing on your side has more points,packs / trades / free chip,1915,"A kid, a dog and a scheme a minute."
bobby8,Bobby Bumps · Platinum,Bobby Bumps,bobby,sil,Silent Screen,Full Platinum,Platinum,platinum,hero,4,Legendary,slv,Silver,13,1500,1500,plusAll,Anthem,+2 to each of your other gToons,"{""t"":""plusAll"",""n"":2}",veto,Veto,Cancels the opposing gToon's power,packs / trades / free chip,1915,"A kid, a dog and a scheme a minute."
heeza1,Colonel Heeza Liar,Colonel Heeza Liar,heeza,sil,Silent Screen,Classic,Classic,classic,normal,0,Common,org,Orange,4,25,25,crown,Crown,+3 if nothing on your side has more points,"{""t"":""crown"",""n"":3}",,,,packs / trades / free chip,1913,The tallest tales in the shortest colonel.
heeza2,Colonel Heeza Liar · Colonel Heeza Liar in Africa,Colonel Heeza Liar,heeza,sil,Silent Screen,Colonel Heeza Liar in Africa (1913),Reel 1913,reel,mirror,1,Uncommon,org,Orange,6,60,60,bomb,Brick,-2 to the opposing gToon and its row neighbours,"{""t"":""bomb"",""n"":2}",,,,packs / trades / free chip,1913,The tallest tales in the shortest colonel.
heeza3,Colonel Heeza Liar · Spotlight,Colonel Heeza Liar,heeza,sil,Silent Screen,Spotlight,Spotlight,stage,zoom,2,Rare,red,Red,9,150,150,veto,Veto,Cancels the opposing gToon's power,"{""t"":""veto""}",,,,packs / trades / free chip,1913,The tallest tales in the shortest colonel.
heeza4,Colonel Heeza Liar · Holo,Colonel Heeza Liar,heeza,sil,Silent Screen,Holo,Holo,holo,hero,3,Mythic,org,Orange,9,500,500,perOwnColor,Rally,+2 for each of your Orange gToons,"{""t"":""perOwnColor"",""color"":""org"",""n"":2}",chain,Chorus Line,+1 for each other gToon in its row,packs / trades / free chip,1913,The tallest tales in the shortest colonel.
heeza5,Colonel Heeza Liar · Silver,Colonel Heeza Liar,heeza,sil,Silent Screen,Full Silver,Silver,silver,hero,3,Mythic,slv,Silver,10,500,500,steal,Pickpocket,Takes 4 points from the opposing gToon,"{""t"":""steal"",""n"":4}",shield,Shield,Cannot lose points to opposing powers,packs / trades / free chip,1913,The tallest tales in the shortest colonel.
heeza6,Colonel Heeza Liar · Dark Matter,Colonel Heeza Liar,heeza,sil,Silent Screen,Dark Matter,Dark Matter,dark,hero,3,Mythic,org,Orange,10,500,500,minusOppColor,Hex,-3 to each opponent Blue gToon,"{""t"":""minusOppColor"",""color"":""blu"",""n"":3}",bomb,Brick,-2 to the opposing gToon and its row neighbours,packs / trades / free chip,1913,The tallest tales in the shortest colonel.
heeza7,Colonel Heeza Liar · Gold,Colonel Heeza Liar,heeza,sil,Silent Screen,Full Gold,Gold,gold,hero,4,Legendary,org,Orange,13,1500,1500,crown,Crown,+6 if nothing on your side has more points,"{""t"":""crown"",""n"":6}",crown,Crown,+4 if nothing on your side has more points,packs / trades / free chip,1913,The tallest tales in the shortest colonel.
heeza8,Colonel Heeza Liar · Platinum,Colonel Heeza Liar,heeza,sil,Silent Screen,Full Platinum,Platinum,platinum,hero,4,Legendary,slv,Silver,13,1500,1500,plusAll,Anthem,+2 to each of your other gToons,"{""t"":""plusAll"",""n"":2}",veto,Veto,Cancels the opposing gToon's power,packs / trades / free chip,1913,The tallest tales in the shortest colonel.
julius1,Julius the Cat,Julius the Cat,julius,lot,The Studio Lot,Classic,Classic,classic,normal,0,Common,slv,Silver,3,25,25,lonely,Loner,+3 if no gToons are next to it,"{""t"":""lonely"",""n"":3}",,,,packs / trades / free chip,1923,The cat with the detachable tail. Handy in a pinch.
julius2,Julius the Cat · Alice's Wonderland,Julius the Cat,julius,lot,The Studio Lot,Alice's Wonderland (1923),Reel 1923,reel,mirror,1,Uncommon,slv,Silver,6,60,60,shield,Shield,Cannot lose points to opposing powers,"{""t"":""shield""}",,,,packs / trades / free chip,1923,The cat with the detachable tail. Handy in a pinch.
julius3,Julius the Cat · Spotlight,Julius the Cat,julius,lot,The Studio Lot,Spotlight,Spotlight,stage,zoom,2,Rare,blu,Blue,9,150,150,underdog,Underdog,+6 if the opposing gToon has more points,"{""t"":""underdog"",""n"":6}",,,,packs / trades / free chip,1923,The cat with the detachable tail. Handy in a pinch.
julius4,Julius the Cat · Holo,Julius the Cat,julius,lot,The Studio Lot,Holo,Holo,holo,hero,3,Mythic,slv,Silver,9,500,500,perOwnColor,Rally,+2 for each of your Silver gToons,"{""t"":""perOwnColor"",""color"":""slv"",""n"":2}",chain,Chorus Line,+1 for each other gToon in its row,packs / trades / free chip,1923,The cat with the detachable tail. Handy in a pinch.
julius5,Julius the Cat · Silver,Julius the Cat,julius,lot,The Studio Lot,Full Silver,Silver,silver,hero,3,Mythic,slv,Silver,10,500,500,steal,Pickpocket,Takes 4 points from the opposing gToon,"{""t"":""steal"",""n"":4}",shield,Shield,Cannot lose points to opposing powers,packs / trades / free chip,1923,The cat with the detachable tail. Handy in a pinch.
julius6,Julius the Cat · Dark Matter,Julius the Cat,julius,lot,The Studio Lot,Dark Matter,Dark Matter,dark,hero,3,Mythic,slv,Silver,10,500,500,minusOppColor,Hex,-3 to each opponent Purple gToon,"{""t"":""minusOppColor"",""color"":""prp"",""n"":3}",bomb,Brick,-2 to the opposing gToon and its row neighbours,packs / trades / free chip,1923,The cat with the detachable tail. Handy in a pinch.
julius7,Julius the Cat · Gold,Julius the Cat,julius,lot,The Studio Lot,Full Gold,Gold,gold,hero,4,Legendary,slv,Silver,13,1500,1500,minusOppColor,Hex,-3 to each opponent Red gToon,"{""t"":""minusOppColor"",""color"":""red"",""n"":3}",crown,Crown,+4 if nothing on your side has more points,packs / trades / free chip,1923,The cat with the detachable tail. Handy in a pinch.
julius8,Julius the Cat · Platinum,Julius the Cat,julius,lot,The Studio Lot,Full Platinum,Platinum,platinum,hero,4,Legendary,slv,Silver,13,1500,1500,plusAll,Anthem,+2 to each of your other gToons,"{""t"":""plusAll"",""n"":2}",veto,Veto,Cancels the opposing gToon's power,packs / trades / free chip,1923,The cat with the detachable tail. Handy in a pinch.
pete1,Pete,Pete,pete,lot,The Studio Lot,Classic,Classic,classic,normal,0,Common,red,Red,5,25,25,opp,Jab,-3 to the opposing gToon,"{""t"":""opp"",""n"":3}",,,,packs / trades / free chip,1925,"Big, mean and older than the mouse. The original heavy."
pete2,Pete · Alice Solves the Puzzle,Pete,pete,lot,The Studio Lot,Alice Solves the Puzzle (1925),Reel 1925,reel,mirror,1,Uncommon,red,Red,8,60,60,bomb,Brick,-2 to the opposing gToon and its row neighbours,"{""t"":""bomb"",""n"":2}",,,,packs / trades / free chip,1925,"Big, mean and older than the mouse. The original heavy."
pete3,Pete · Spotlight,Pete,pete,lot,The Studio Lot,Spotlight,Spotlight,stage,zoom,2,Rare,red,Red,10,150,150,veto,Veto,Cancels the opposing gToon's power,"{""t"":""veto""}",,,,packs / trades / free chip,1925,"Big, mean and older than the mouse. The original heavy."
pete4,Pete · Holo,Pete,pete,lot,The Studio Lot,Holo,Holo,holo,hero,3,Mythic,red,Red,12,500,500,perOwnColor,Rally,+2 for each of your Red gToons,"{""t"":""perOwnColor"",""color"":""red"",""n"":2}",chain,Chorus Line,+1 for each other gToon in its row,packs / trades / free chip,1925,"Big, mean and older than the mouse. The original heavy."
pete5,Pete · Silver,Pete,pete,lot,The Studio Lot,Full Silver,Silver,silver,hero,3,Mythic,slv,Silver,13,500,500,steal,Pickpocket,Takes 4 points from the opposing gToon,"{""t"":""steal"",""n"":4}",shield,Shield,Cannot lose points to opposing powers,packs / trades / free chip,1925,"Big, mean and older than the mouse. The original heavy."
pete6,Pete · Dark Matter,Pete,pete,lot,The Studio Lot,Dark Matter,Dark Matter,dark,hero,3,Mythic,red,Red,13,500,500,minusOppColor,Hex,-3 to each opponent Green gToon,"{""t"":""minusOppColor"",""color"":""grn"",""n"":3}",bomb,Brick,-2 to the opposing gToon and its row neighbours,packs / trades / free chip,1925,"Big, mean and older than the mouse. The original heavy."
pete7,Pete · Gold,Pete,pete,lot,The Studio Lot,Full Gold,Gold,gold,hero,4,Legendary,red,Red,16,1500,1500,bomb,Brick,-4 to the opposing gToon and its row neighbours,"{""t"":""bomb"",""n"":4}",crown,Crown,+4 if nothing on your side has more points,packs / trades / free chip,1925,"Big, mean and older than the mouse. The original heavy."
pete8,Pete · Platinum,Pete,pete,lot,The Studio Lot,Full Platinum,Platinum,platinum,hero,4,Legendary,slv,Silver,15,1500,1500,plusAll,Anthem,+2 to each of your other gToons,"{""t"":""plusAll"",""n"":2}",veto,Veto,Cancels the opposing gToon's power,packs / trades / free chip,1925,"Big, mean and older than the mouse. The original heavy."
clara1,Clarabelle Cow,Clarabelle Cow,clara,lot,The Studio Lot,Classic,Classic,classic,normal,0,Common,yel,Yellow,3,25,25,plusOwnColor,Boost,+1 to each of your other Yellow gToons,"{""t"":""plusOwnColor"",""color"":""yel"",""n"":1}",,,,packs / trades / free chip,1928,"Flower on her hat, bell on her collar, song in her heart."
clara2,Clarabelle Cow · Plane Crazy,Clarabelle Cow,clara,lot,The Studio Lot,Plane Crazy (1928),Reel 1928,reel,mirror,1,Uncommon,yel,Yellow,6,60,60,back,Backstage,+4 when played in the back row,"{""t"":""back"",""n"":4}",,,,packs / trades / free chip,1928,"Flower on her hat, bell on her collar, song in her heart."
clara3,Clarabelle Cow · Spotlight,Clarabelle Cow,clara,lot,The Studio Lot,Spotlight,Spotlight,stage,zoom,2,Rare,yel,Yellow,8,150,150,perOwnColor,Rally,+2 for each of your Yellow gToons,"{""t"":""perOwnColor"",""color"":""yel"",""n"":2}",,,,packs / trades / free chip,1928,"Flower on her hat, bell on her collar, song in her heart."
clara4,Clarabelle Cow · Holo,Clarabelle Cow,clara,lot,The Studio Lot,Holo,Holo,holo,hero,3,Mythic,yel,Yellow,8,500,500,perOwnColor,Rally,+2 for each of your Yellow gToons,"{""t"":""perOwnColor"",""color"":""yel"",""n"":2}",chain,Chorus Line,+1 for each other gToon in its row,packs / trades / free chip,1928,"Flower on her hat, bell on her collar, song in her heart."
clara5,Clarabelle Cow · Silver,Clarabelle Cow,clara,lot,The Studio Lot,Full Silver,Silver,silver,hero,3,Mythic,slv,Silver,9,500,500,steal,Pickpocket,Takes 4 points from the opposing gToon,"{""t"":""steal"",""n"":4}",shield,Shield,Cannot lose points to opposing powers,packs / trades / free chip,1928,"Flower on her hat, bell on her collar, song in her heart."
clara6,Clarabelle Cow · Dark Matter,Clarabelle Cow,clara,lot,The Studio Lot,Dark Matter,Dark Matter,dark,hero,3,Mythic,yel,Yellow,9,500,500,minusOppColor,Hex,-3 to each opponent Blue gToon,"{""t"":""minusOppColor"",""color"":""blu"",""n"":3}",bomb,Brick,-2 to the opposing gToon and its row neighbours,packs / trades / free chip,1928,"Flower on her hat, bell on her collar, song in her heart."
clara7,Clarabelle Cow · Gold,Clarabelle Cow,clara,lot,The Studio Lot,Full Gold,Gold,gold,hero,4,Legendary,yel,Yellow,13,1500,1500,plusAll,Anthem,+1 to each of your other gToons,"{""t"":""plusAll"",""n"":1}",crown,Crown,+4 if nothing on your side has more points,packs / trades / free chip,1928,"Flower on her hat, bell on her collar, song in her heart."
clara8,Clarabelle Cow · Platinum,Clarabelle Cow,clara,lot,The Studio Lot,Full Platinum,Platinum,platinum,hero,4,Legendary,slv,Silver,13,1500,1500,plusAll,Anthem,+2 to each of your other gToons,"{""t"":""plusAll"",""n"":2}",veto,Veto,Cancels the opposing gToon's power,packs / trades / free chip,1928,"Flower on her hat, bell on her collar, song in her heart."
horace1,Horace Horsecollar,Horace Horsecollar,horace,lot,The Studio Lot,Classic,Classic,classic,normal,0,Common,org,Orange,3,25,25,chain,Chorus Line,+1 for each other gToon in its row,"{""t"":""chain"",""n"":1}",,,,packs / trades / free chip,1929,Wears his collar with pride. Pulls his weight.
horace2,Horace Horsecollar · The Plowboy,Horace Horsecollar,horace,lot,The Studio Lot,The Plowboy (1929),Reel 1929,reel,mirror,1,Uncommon,org,Orange,6,60,60,front,Spotlight,+3 when played in the front row,"{""t"":""front"",""n"":3}",,,,packs / trades / free chip,1929,Wears his collar with pride. Pulls his weight.
horace3,Horace Horsecollar · Spotlight,Horace Horsecollar,horace,lot,The Studio Lot,Spotlight,Spotlight,stage,zoom,2,Rare,blu,Blue,8,150,150,crown,Crown,+4 if nothing on your side has more points,"{""t"":""crown"",""n"":4}",,,,packs / trades / free chip,1929,Wears his collar with pride. Pulls his weight.
horace4,Horace Horsecollar · Holo,Horace Horsecollar,horace,lot,The Studio Lot,Holo,Holo,holo,hero,3,Mythic,org,Orange,8,500,500,perOwnColor,Rally,+2 for each of your Orange gToons,"{""t"":""perOwnColor"",""color"":""org"",""n"":2}",chain,Chorus Line,+1 for each other gToon in its row,packs / trades / free chip,1929,Wears his collar with pride. Pulls his weight.
horace5,Horace Horsecollar · Silver,Horace Horsecollar,horace,lot,The Studio Lot,Full Silver,Silver,silver,hero,3,Mythic,slv,Silver,9,500,500,steal,Pickpocket,Takes 4 points from the opposing gToon,"{""t"":""steal"",""n"":4}",shield,Shield,Cannot lose points to opposing powers,packs / trades / free chip,1929,Wears his collar with pride. Pulls his weight.
horace6,Horace Horsecollar · Dark Matter,Horace Horsecollar,horace,lot,The Studio Lot,Dark Matter,Dark Matter,dark,hero,3,Mythic,org,Orange,9,500,500,minusOppColor,Hex,-3 to each opponent Blue gToon,"{""t"":""minusOppColor"",""color"":""blu"",""n"":3}",bomb,Brick,-2 to the opposing gToon and its row neighbours,packs / trades / free chip,1929,Wears his collar with pride. Pulls his weight.
horace7,Horace Horsecollar · Gold,Horace Horsecollar,horace,lot,The Studio Lot,Full Gold,Gold,gold,hero,4,Legendary,org,Orange,13,1500,1500,chain,Chorus Line,+2 for each other gToon in its row,"{""t"":""chain"",""n"":2}",crown,Crown,+4 if nothing on your side has more points,packs / trades / free chip,1929,Wears his collar with pride. Pulls his weight.
horace8,Horace Horsecollar · Platinum,Horace Horsecollar,horace,lot,The Studio Lot,Full Platinum,Platinum,platinum,hero,4,Legendary,slv,Silver,13,1500,1500,plusAll,Anthem,+2 to each of your other gToons,"{""t"":""plusAll"",""n"":2}",veto,Veto,Cancels the opposing gToon's power,packs / trades / free chip,1929,Wears his collar with pride. Pulls his weight.
minnie1,Minnie (1928),Minnie (1928),minnie,lot,The Studio Lot,Classic,Classic,classic,normal,0,Common,red,Red,4,25,25,x2,Buddy,x2 to Steamboat Willie,"{""t"":""x2"",""id"":""willie""}",,,,packs / trades / free chip,1928,"The 1928 original. Flower hat, quick temper."
minnie2,Minnie (1928) · Plane Crazy,Minnie (1928),minnie,lot,The Studio Lot,Plane Crazy (1928),Reel 1928,reel,mirror,1,Uncommon,red,Red,7,60,60,plusOwnColor,Boost,+2 to each of your other Red gToons,"{""t"":""plusOwnColor"",""color"":""red"",""n"":2}",,,,packs / trades / free chip,1928,"The 1928 original. Flower hat, quick temper."
minnie3,Minnie (1928) · Spotlight,Minnie (1928),minnie,lot,The Studio Lot,Spotlight,Spotlight,stage,zoom,2,Rare,prp,Purple,9,150,150,shield,Shield,Cannot lose points to opposing powers,"{""t"":""shield""}",,,,packs / trades / free chip,1928,"The 1928 original. Flower hat, quick temper."
minnie4,Minnie (1928) · Holo,Minnie (1928),minnie,lot,The Studio Lot,Holo,Holo,holo,hero,3,Mythic,red,Red,9,500,500,perOwnColor,Rally,+2 for each of your Red gToons,"{""t"":""perOwnColor"",""color"":""red"",""n"":2}",chain,Chorus Line,+1 for each other gToon in its row,packs / trades / free chip,1928,"The 1928 original. Flower hat, quick temper."
minnie5,Minnie (1928) · Silver,Minnie (1928),minnie,lot,The Studio Lot,Full Silver,Silver,silver,hero,3,Mythic,slv,Silver,10,500,500,mirror,Mirror,Copies the opposing gToon's points,"{""t"":""mirror""}",shield,Shield,Cannot lose points to opposing powers,packs / trades / free chip,1928,"The 1928 original. Flower hat, quick temper."
minnie6,Minnie (1928) · Dark Matter,Minnie (1928),minnie,lot,The Studio Lot,Dark Matter,Dark Matter,dark,hero,3,Mythic,red,Red,10,500,500,minusOppColor,Hex,-3 to each opponent Green gToon,"{""t"":""minusOppColor"",""color"":""grn"",""n"":3}",bomb,Brick,-2 to the opposing gToon and its row neighbours,packs / trades / free chip,1928,"The 1928 original. Flower hat, quick temper."
minnie7,Minnie (1928) · Gold,Minnie (1928),minnie,lot,The Studio Lot,Full Gold,Gold,gold,hero,4,Legendary,red,Red,13,1500,1500,plusAll,Anthem,+2 to each of your other gToons,"{""t"":""plusAll"",""n"":2}",crown,Crown,+4 if nothing on your side has more points,packs / trades / free chip,1928,"The 1928 original. Flower hat, quick temper."
minnie8,Minnie (1928) · Platinum,Minnie (1928),minnie,lot,The Studio Lot,Full Platinum,Platinum,platinum,hero,4,Legendary,slv,Silver,13,1500,1500,plusAll,Anthem,+2 to each of your other gToons,"{""t"":""plusAll"",""n"":2}",veto,Veto,Cancels the opposing gToon's power,packs / trades / free chip,1928,"The 1928 original. Flower hat, quick temper."
mutt1,Mutt,Mutt,mutt,fun,Funny Pages,Classic,Classic,classic,normal,0,Common,grn,Green,4,25,25,x2,Buddy,x2 to Jeff,"{""t"":""x2"",""id"":""jeff""}",,,,packs / trades / free chip,1907,"Tall, broke and always betting on the wrong horse."
mutt2,Mutt · Mutt and Jeff,Mutt,mutt,fun,Funny Pages,Mutt and Jeff (1907),Reel 1907,reel,mirror,1,Uncommon,grn,Green,7,60,60,late,Encore,+4 if played in the last three turns,"{""t"":""late"",""n"":4}",,,,packs / trades / free chip,1907,"Tall, broke and always betting on the wrong horse."
mutt3,Mutt · Spotlight,Mutt,mutt,fun,Funny Pages,Spotlight,Spotlight,stage,zoom,2,Rare,grn,Green,9,150,150,underdog,Underdog,+6 if the opposing gToon has more points,"{""t"":""underdog"",""n"":6}",,,,packs / trades / free chip,1907,"Tall, broke and always betting on the wrong horse."
mutt4,Mutt · Holo,Mutt,mutt,fun,Funny Pages,Holo,Holo,holo,hero,3,Mythic,grn,Green,9,500,500,perOwnColor,Rally,+2 for each of your Green gToons,"{""t"":""perOwnColor"",""color"":""grn"",""n"":2}",chain,Chorus Line,+1 for each other gToon in its row,packs / trades / free chip,1907,"Tall, broke and always betting on the wrong horse."
mutt5,Mutt · Silver,Mutt,mutt,fun,Funny Pages,Full Silver,Silver,silver,hero,3,Mythic,slv,Silver,10,500,500,steal,Pickpocket,Takes 4 points from the opposing gToon,"{""t"":""steal"",""n"":4}",shield,Shield,Cannot lose points to opposing powers,packs / trades / free chip,1907,"Tall, broke and always betting on the wrong horse."
mutt6,Mutt · Dark Matter,Mutt,mutt,fun,Funny Pages,Dark Matter,Dark Matter,dark,hero,3,Mythic,grn,Green,10,500,500,minusOppColor,Hex,-3 to each opponent Red gToon,"{""t"":""minusOppColor"",""color"":""red"",""n"":3}",bomb,Brick,-2 to the opposing gToon and its row neighbours,packs / trades / free chip,1907,"Tall, broke and always betting on the wrong horse."
mutt7,Mutt · Gold,Mutt,mutt,fun,Funny Pages,Full Gold,Gold,gold,hero,4,Legendary,grn,Green,13,1500,1500,plusOwnColor,Boost,+3 to each of your other Green gToons,"{""t"":""plusOwnColor"",""color"":""grn"",""n"":3}",crown,Crown,+4 if nothing on your side has more points,packs / trades / free chip,1907,"Tall, broke and always betting on the wrong horse."
mutt8,Mutt · Platinum,Mutt,mutt,fun,Funny Pages,Full Platinum,Platinum,platinum,hero,4,Legendary,slv,Silver,13,1500,1500,plusAll,Anthem,+2 to each of your other gToons,"{""t"":""plusAll"",""n"":2}",veto,Veto,Cancels the opposing gToon's power,packs / trades / free chip,1907,"Tall, broke and always betting on the wrong horse."
jeff1,Jeff,Jeff,jeff,fun,Funny Pages,Classic,Classic,classic,normal,0,Common,grn,Green,2,25,25,x2,Buddy,x2 to Mutt,"{""t"":""x2"",""id"":""mutt""}",,,,packs / trades / free chip,1908,"Short, bald and convinced he is Napoleon. Sometimes right."
jeff2,Jeff · Mutt and Jeff,Jeff,jeff,fun,Funny Pages,Mutt and Jeff (1908),Reel 1908,reel,mirror,1,Uncommon,yel,Yellow,5,60,60,lonely,Loner,+4 if no gToons are next to it,"{""t"":""lonely"",""n"":4}",,,,packs / trades / free chip,1908,"Short, bald and convinced he is Napoleon. Sometimes right."
jeff3,Jeff · Spotlight,Jeff,jeff,fun,Funny Pages,Spotlight,Spotlight,stage,zoom,2,Rare,grn,Green,7,150,150,first,Opener,+5 if played first,"{""t"":""first"",""n"":5}",,,,packs / trades / free chip,1908,"Short, bald and convinced he is Napoleon. Sometimes right."
jeff4,Jeff · Holo,Jeff,jeff,fun,Funny Pages,Holo,Holo,holo,hero,3,Mythic,grn,Green,8,500,500,perOwnColor,Rally,+2 for each of your Green gToons,"{""t"":""perOwnColor"",""color"":""grn"",""n"":2}",chain,Chorus Line,+1 for each other gToon in its row,packs / trades / free chip,1908,"Short, bald and convinced he is Napoleon. Sometimes right."
jeff5,Jeff · Silver,Jeff,jeff,fun,Funny Pages,Full Silver,Silver,silver,hero,3,Mythic,slv,Silver,9,500,500,steal,Pickpocket,Takes 4 points from the opposing gToon,"{""t"":""steal"",""n"":4}",shield,Shield,Cannot lose points to opposing powers,packs / trades / free chip,1908,"Short, bald and convinced he is Napoleon. Sometimes right."
jeff6,Jeff · Dark Matter,Jeff,jeff,fun,Funny Pages,Dark Matter,Dark Matter,dark,hero,3,Mythic,grn,Green,9,500,500,minusOppColor,Hex,-3 to each opponent Red gToon,"{""t"":""minusOppColor"",""color"":""red"",""n"":3}",bomb,Brick,-2 to the opposing gToon and its row neighbours,packs / trades / free chip,1908,"Short, bald and convinced he is Napoleon. Sometimes right."
jeff7,Jeff · Gold,Jeff,jeff,fun,Funny Pages,Full Gold,Gold,gold,hero,4,Legendary,grn,Green,13,1500,1500,late,Encore,+6 if played in the last three turns,"{""t"":""late"",""n"":6}",crown,Crown,+4 if nothing on your side has more points,packs / trades / free chip,1908,"Short, bald and convinced he is Napoleon. Sometimes right."
jeff8,Jeff · Platinum,Jeff,jeff,fun,Funny Pages,Full Platinum,Platinum,platinum,hero,4,Legendary,slv,Silver,13,1500,1500,plusAll,Anthem,+2 to each of your other gToons,"{""t"":""plusAll"",""n"":2}",veto,Veto,Cancels the opposing gToon's power,packs / trades / free chip,1908,"Short, bald and convinced he is Napoleon. Sometimes right."
hooligan1,Happy Hooligan,Happy Hooligan,hooligan,fun,Funny Pages,Classic,Classic,classic,normal,0,Common,org,Orange,3,25,25,underdog,Underdog,+3 if the opposing gToon has more points,"{""t"":""underdog"",""n"":3}",,,,packs / trades / free chip,1900,A tin can for a hat and nothing but good luck. Mostly.
hooligan2,Happy Hooligan · Happy Hooligan,Happy Hooligan,hooligan,fun,Funny Pages,Happy Hooligan (1900),Reel 1900,reel,mirror,1,Uncommon,org,Orange,5,60,60,steal,Pickpocket,Takes 2 points from the opposing gToon,"{""t"":""steal"",""n"":2}",,,,packs / trades / free chip,1900,A tin can for a hat and nothing but good luck. Mostly.
hooligan3,Happy Hooligan · Spotlight,Happy Hooligan,hooligan,fun,Funny Pages,Spotlight,Spotlight,stage,zoom,2,Rare,org,Orange,8,150,150,lonely,Loner,+5 if no gToons are next to it,"{""t"":""lonely"",""n"":5}",,,,packs / trades / free chip,1900,A tin can for a hat and nothing but good luck. Mostly.
hooligan4,Happy Hooligan · Holo,Happy Hooligan,hooligan,fun,Funny Pages,Holo,Holo,holo,hero,3,Mythic,org,Orange,8,500,500,perOwnColor,Rally,+2 for each of your Orange gToons,"{""t"":""perOwnColor"",""color"":""org"",""n"":2}",chain,Chorus Line,+1 for each other gToon in its row,packs / trades / free chip,1900,A tin can for a hat and nothing but good luck. Mostly.
hooligan5,Happy Hooligan · Silver,Happy Hooligan,hooligan,fun,Funny Pages,Full Silver,Silver,silver,hero,3,Mythic,slv,Silver,9,500,500,steal,Pickpocket,Takes 4 points from the opposing gToon,"{""t"":""steal"",""n"":4}",shield,Shield,Cannot lose points to opposing powers,packs / trades / free chip,1900,A tin can for a hat and nothing but good luck. Mostly.
hooligan6,Happy Hooligan · Dark Matter,Happy Hooligan,hooligan,fun,Funny Pages,Dark Matter,Dark Matter,dark,hero,3,Mythic,org,Orange,9,500,500,minusOppColor,Hex,-3 to each opponent Blue gToon,"{""t"":""minusOppColor"",""color"":""blu"",""n"":3}",bomb,Brick,-2 to the opposing gToon and its row neighbours,packs / trades / free chip,1900,A tin can for a hat and nothing but good luck. Mostly.
hooligan7,Happy Hooligan · Gold,Happy Hooligan,hooligan,fun,Funny Pages,Full Gold,Gold,gold,hero,4,Legendary,org,Orange,13,1500,1500,underdog,Underdog,+8 if the opposing gToon has more points,"{""t"":""underdog"",""n"":8}",crown,Crown,+4 if nothing on your side has more points,packs / trades / free chip,1900,A tin can for a hat and nothing but good luck. Mostly.
hooligan8,Happy Hooligan · Platinum,Happy Hooligan,hooligan,fun,Funny Pages,Full Platinum,Platinum,platinum,hero,4,Legendary,slv,Silver,13,1500,1500,plusAll,Anthem,+2 to each of your other gToons,"{""t"":""plusAll"",""n"":2}",veto,Veto,Cancels the opposing gToon's power,packs / trades / free chip,1900,A tin can for a hat and nothing but good luck. Mostly.
buster1,Buster Brown,Buster Brown,buster,fun,Funny Pages,Classic,Classic,classic,normal,0,Common,red,Red,3,25,25,bomb,Brick,-1 to the opposing gToon and its row neighbours,"{""t"":""bomb"",""n"":1}",,,,packs / trades / free chip,1902,"Bow tie, bulldog and a resolution after every disaster."
buster2,Buster Brown · Buster Brown,Buster Brown,buster,fun,Funny Pages,Buster Brown (1902),Reel 1902,reel,mirror,1,Uncommon,red,Red,6,60,60,opp,Jab,-3 to the opposing gToon,"{""t"":""opp"",""n"":3}",,,,packs / trades / free chip,1902,"Bow tie, bulldog and a resolution after every disaster."
buster3,Buster Brown · Spotlight,Buster Brown,buster,fun,Funny Pages,Spotlight,Spotlight,stage,zoom,2,Rare,yel,Yellow,9,150,150,chain,Chorus Line,+2 for each other gToon in its row,"{""t"":""chain"",""n"":2}",,,,packs / trades / free chip,1902,"Bow tie, bulldog and a resolution after every disaster."
buster4,Buster Brown · Holo,Buster Brown,buster,fun,Funny Pages,Holo,Holo,holo,hero,3,Mythic,red,Red,8,500,500,perOwnColor,Rally,+2 for each of your Red gToons,"{""t"":""perOwnColor"",""color"":""red"",""n"":2}",chain,Chorus Line,+1 for each other gToon in its row,packs / trades / free chip,1902,"Bow tie, bulldog and a resolution after every disaster."
buster5,Buster Brown · Silver,Buster Brown,buster,fun,Funny Pages,Full Silver,Silver,silver,hero,3,Mythic,slv,Silver,9,500,500,steal,Pickpocket,Takes 4 points from the opposing gToon,"{""t"":""steal"",""n"":4}",shield,Shield,Cannot lose points to opposing powers,packs / trades / free chip,1902,"Bow tie, bulldog and a resolution after every disaster."
buster6,Buster Brown · Dark Matter,Buster Brown,buster,fun,Funny Pages,Dark Matter,Dark Matter,dark,hero,3,Mythic,red,Red,9,500,500,minusOppColor,Hex,-3 to each opponent Green gToon,"{""t"":""minusOppColor"",""color"":""grn"",""n"":3}",bomb,Brick,-2 to the opposing gToon and its row neighbours,packs / trades / free chip,1902,"Bow tie, bulldog and a resolution after every disaster."
buster7,Buster Brown · Gold,Buster Brown,buster,fun,Funny Pages,Full Gold,Gold,gold,hero,4,Legendary,red,Red,13,1500,1500,bomb,Brick,-3 to the opposing gToon and its row neighbours,"{""t"":""bomb"",""n"":3}",crown,Crown,+4 if nothing on your side has more points,packs / trades / free chip,1902,"Bow tie, bulldog and a resolution after every disaster."
buster8,Buster Brown · Platinum,Buster Brown,buster,fun,Funny Pages,Full Platinum,Platinum,platinum,hero,4,Legendary,slv,Silver,13,1500,1500,plusAll,Anthem,+2 to each of your other gToons,"{""t"":""plusAll"",""n"":2}",veto,Veto,Cancels the opposing gToon's power,packs / trades / free chip,1902,"Bow tie, bulldog and a resolution after every disaster."
pz01,Orbit Rookie,Orbit Rookie,rookie,pz,Orbit Prizes,Prize,Prize,holo,normal,5,Prize,slv,Silver,7,750,0,first,Opener,+5 if played first,"{""t"":""first"",""n"":5}",,,,prize (earned),2000,Awarded to every new Orbiter. Welcome aboard!
pz02,Streak Comet,Streak Comet,comet,pz,Orbit Prizes,Prize,Prize,holo,normal,5,Prize,org,Orange,11,750,0,front,Spotlight,+5 when played in the front row,"{""t"":""front"",""n"":5}",,,,prize (earned),2000,Earned by logging in 7 days in a row.
pz03,Collector's Crown,Collector's Crown,crown,pz,Orbit Prizes,Prize,Prize,holo,normal,5,Prize,yel,Yellow,11,750,0,perOwnColor,Rally,+3 for each of your Silver gToons,"{""t"":""perOwnColor"",""color"":""slv"",""n"":3}",,,,prize (earned),2000,Earned by collecting 60 different cToons.
pz04,Trade Titan,Trade Titan,titan,pz,Orbit Prizes,Prize,Prize,holo,normal,5,Prize,slv,Silver,12,750,0,plusOwnColor,Boost,+2 to each of your other Silver gToons,"{""t"":""plusOwnColor"",""color"":""slv"",""n"":2}",,,,prize (earned),2000,Earned by completing 10 trades.
pz05,Battle Badge,Battle Badge,badge,pz,Orbit Prizes,Prize,Prize,holo,normal,5,Prize,red,Red,12,750,0,opp,Jab,-7 to the opposing gToon,"{""t"":""opp"",""n"":7}",,,,prize (earned),2000,Earned by winning 25 gToons matches.
pz06,Champion's Star,Champion's Star,champ,pz,Orbit Prizes,Prize,Prize,holo,normal,5,Prize,slv,Silver,16,750,0,plusAll,Anthem,+2 to each of your other gToons,"{""t"":""plusAll"",""n"":2}",,,,prize (earned),2000,Earned by defeating the Orbit Master.
kp1,Koko · Keeper's Frame,Koko,koko,tour,Orbit Tour,Keeper's Frame,Frame,gold,hero,4,Legendary,slv,Silver,12,1500,1500,mirror,Mirror,Copies the opposing gToon's points,"{""t"":""mirror""}",shield,Shield,Cannot lose points to opposing powers,tour keeper (1 of 1),2000,Frame one of seven. Inkwell Alley remembers.
kp2,Popeye · Keeper's Frame,Popeye,popeye,tour,Orbit Tour,Keeper's Frame,Frame,gold,hero,4,Legendary,blu,Blue,14,1500,1500,opp,Jab,-6 to the opposing gToon,"{""t"":""opp"",""n"":6}",crown,Crown,+4 if nothing on your side has more points,tour keeper (1 of 1),2000,Frame two of seven. Strong to the finish.
kp3,Ignatz · Keeper's Frame,Ignatz,ignatz,tour,Orbit Tour,Keeper's Frame,Frame,gold,hero,4,Legendary,org,Orange,12,1500,1500,bomb,Brick,-3 to the opposing gToon and its row neighbours,"{""t"":""bomb"",""n"":3}",late,Encore,+5 if played in the last three turns,tour keeper (1 of 1),2000,"Frame three of seven. Brick, meet Kat."
kp4,Nemo · Keeper's Frame,Nemo,nemo,tour,Orbit Tour,Keeper's Frame,Frame,gold,hero,4,Legendary,blu,Blue,13,1500,1500,last,Closer,+9 if played last,"{""t"":""last"",""n"":9}",veto,Veto,Cancels the opposing gToon's power,tour keeper (1 of 1),2000,Frame four of seven. Everything bends in Slumberland.
kp5,Oswald · Keeper's Frame,Oswald,oswald,tour,Orbit Tour,Keeper's Frame,Frame,gold,hero,4,Legendary,prp,Purple,14,1500,1500,plusOwnColor,Boost,+3 to each of your other Purple gToons,"{""t"":""plusOwnColor"",""color"":""prp"",""n"":3}",chain,Chorus Line,+2 for each other gToon in its row,tour keeper (1 of 1),2000,Frame five of seven. Lucky by design.
kp6,Mutt · Keeper's Frame,Mutt,mutt,tour,Orbit Tour,Keeper's Frame,Frame,gold,hero,4,Legendary,grn,Green,13,1500,1500,chain,Chorus Line,+2 for each other gToon in its row,"{""t"":""chain"",""n"":2}",underdog,Underdog,+8 if the opposing gToon has more points,tour keeper (1 of 1),2000,Frame six of seven. Hold the front page.
kp7,Felix · Keeper's Frame,Felix,felix,tour,Orbit Tour,Keeper's Frame,Frame,gold,hero,4,Legendary,slv,Silver,16,1500,1500,plusAll,Anthem,+2 to each of your other gToons,"{""t"":""plusAll"",""n"":2}",crown,Crown,+6 if nothing on your side has more points,tour keeper (1 of 1),2000,Frame seven of seven. The reel is whole again.
